data_status,program_id,category,category_ordinal,scenario_count,source_status,source_file
SYNTHETIC_ILLUSTRATIVE,BR-001,Branched,1,4,SYNTHETIC_IDENTIFIER_ONLY,NOT_INCLUDED
SYNTHETIC_ILLUSTRATIVE,BR-002,Branched,2,4,SYNTHETIC_IDENTIFIER_ONLY,NOT_INCLUDED
SYNTHETIC_ILLUSTRATIVE,BR-003,Branched,3,4,SYNTHETIC_IDENTIFIER_ONLY,NOT_INCLUDED
SYNTHETIC_ILLUSTRATIVE,BR-004,Branched,4,4,SYNTHETIC_IDENTIFIER_ONLY,NOT_INCLUDED
SYNTHETIC_ILLUSTRATIVE,BR-005,Branched,5,4,SYNTHETIC_IDENTIFIER_ONLY,NOT_INCLUDED
SYNTHETIC_ILLUSTRATIVE,BR-006,Branched,6,4,SYNTHETIC_IDENTIFIER_ONLY,NOT_INCLUDED
SYNTHETIC_ILLUSTRATIVE,BR-007,Branched,7,4,SYNTHETIC_IDENTIFIER_ONLY,NOT_INCLUDED
SYNTHETIC_ILLUSTRATIVE,BR-008,Branched,8,4,SYNTHETIC_IDENTIFIER_ONLY,NOT_INCLUDED
SYNTHETIC_ILLUSTRATIVE,BR-009,Branched,9,4,SYNTHETIC_IDENTIFIER_ONLY,NOT_INCLUDED
SYNTHETIC_ILLUSTRATIVE,BR-010,Branched,10,4,SYNTHETIC_IDENTIFIER_ONLY,NOT_INCLUDED
SYNTHETIC_ILLUSTRATIVE,BR-011,Branched,11,4,SYNTHETIC_IDENTIFIER_ONLY,NOT_INCLUDED
SYNTHETIC_ILLUSTRATIVE,BR-012,Branched,12,4,SYNTHETIC_IDENTIFIER_ONLY,NOT_INCLUDED
SYNTHETIC_ILLUSTRATIVE,BR-013,Branched,13,4,SYNTHETIC_IDENTIFIER_ONLY,NOT_INCLUDED
SYNTHETIC_ILLUSTRATIVE,BR-014,Branched,14,4,SYNTHETIC_IDENTIFIER_ONLY,NOT_INCLUDED
SYNTHETIC_ILLUSTRATIVE,BR-015,Branched,15,4,SYNTHETIC_IDENTIFIER_ONLY,NOT_INCLUDED
SYNTHETIC_ILLUSTRATIVE,BR-016,Branched,16,4,SYNTHETIC_IDENTIFIER_ONLY,NOT_INCLUDED
SYNTHETIC_ILLUSTRATIVE,BR-017,Branched,17,4,SYNTHETIC_IDENTIFIER_ONLY,NOT_INCLUDED
SYNTHETIC_ILLUSTRATIVE,BR-018,Branched,18,4,SYNTHETIC_IDENTIFIER_ONLY,NOT_INCLUDED
SYNTHETIC_ILLUSTRATIVE,BR-019,Branched,19,4,SYNTHETIC_IDENTIFIER_ONLY,NOT_INCLUDED
SYNTHETIC_ILLUSTRATIVE,BR-020,Branched,20,4,SYNTHETIC_IDENTIFIER_ONLY,NOT_INCLUDED
SYNTHETIC_ILLUSTRATIVE,BR-021,Branched,21,4,SYNTHETIC_IDENTIFIER_ONLY,NOT_INCLUDED
SYNTHETIC_ILLUSTRATIVE,BR-022,Branched,22,4,SYNTHETIC_IDENTIFIER_ONLY,NOT_INCLUDED
SYNTHETIC_ILLUSTRATIVE,BR-023,Branched,23,4,SYNTHETIC_IDENTIFIER_ONLY,NOT_INCLUDED
SYNTHETIC_ILLUSTRATIVE,BR-024,Branched,24,4,SYNTHETIC_IDENTIFIER_ONLY,NOT_INCLUDED
SYNTHETIC_ILLUSTRATIVE,BR-025,Branched,25,4,SYNTHETIC_IDENTIFIER_ONLY,NOT_INCLUDED
SYNTHETIC_ILLUSTRATIVE,BR-026,Branched,26,4,SYNTHETIC_IDENTIFIER_ONLY,NOT_INCLUDED
SYNTHETIC_ILLUSTRATIVE,BR-027,Branched,27,4,SYNTHETIC_IDENTIFIER_ONLY,NOT_INCLUDED
SYNTHETIC_ILLUSTRATIVE,BR-028,Branched,28,4,SYNTHETIC_IDENTIFIER_ONLY,NOT_INCLUDED
SYNTHETIC_ILLUSTRATIVE,BR-029,Branched,29,4,SYNTHETIC_IDENTIFIER_ONLY,NOT_INCLUDED
SYNTHETIC_ILLUSTRATIVE,BR-030,Branched,30,4,SYNTHETIC_IDENTIFIER_ONLY,NOT_INCLUDED
SYNTHETIC_ILLUSTRATIVE,BR-031,Branched,31,4,SYNTHETIC_IDENTIFIER_ONLY,NOT_INCLUDED
SYNTHETIC_ILLUSTRATIVE,BR-032,Branched,32,4,SYNTHETIC_IDENTIFIER_ONLY,NOT_INCLUDED
SYNTHETIC_ILLUSTRATIVE,BR-033,Branched,33,4,SYNTHETIC_IDENTIFIER_ONLY,NOT_INCLUDED
SYNTHETIC_ILLUSTRATIVE,BR-034,Branched,34,4,SYNTHETIC_IDENTIFIER_ONLY,NOT_INCLUDED
SYNTHETIC_ILLUSTRATIVE,BR-035,Branched,35,4,SYNTHETIC_IDENTIFIER_ONLY,NOT_INCLUDED
SYNTHETIC_ILLUSTRATIVE,BR-036,Branched,36,4,SYNTHETIC_IDENTIFIER_ONLY,NOT_INCLUDED
SYNTHETIC_ILLUSTRATIVE,BR-037,Branched,37,4,SYNTHETIC_IDENTIFIER_ONLY,NOT_INCLUDED
SYNTHETIC_ILLUSTRATIVE,BR-038,Branched,38,4,SYNTHETIC_IDENTIFIER_ONLY,NOT_INCLUDED
SYNTHETIC_ILLUSTRATIVE,BR-039,Branched,39,4,SYNTHETIC_IDENTIFIER_ONLY,NOT_INCLUDED
SYNTHETIC_ILLUSTRATIVE,BR-040,Branched,40,3,SYNTHETIC_IDENTIFIER_ONLY,NOT_INCLUDED
SYNTHETIC_ILLUSTRATIVE,BR-041,Branched,41,3,SYNTHETIC_IDENTIFIER_ONLY,NOT_INCLUDED
SYNTHETIC_ILLUSTRATIVE,BR-042,Branched,42,3,SYNTHETIC_IDENTIFIER_ONLY,NOT_INCLUDED
SYNTHETIC_ILLUSTRATIVE,BR-043,Branched,43,3,SYNTHETIC_IDENTIFIER_ONLY,NOT_INCLUDED
SYNTHETIC_ILLUSTRATIVE,BR-044,Branched,44,3,SYNTHETIC_IDENTIFIER_ONLY,NOT_INCLUDED
SYNTHETIC_ILLUSTRATIVE,BR-045,Branched,45,3,SYNTHETIC_IDENTIFIER_ONLY,NOT_INCLUDED
SYNTHETIC_ILLUSTRATIVE,BR-046,Branched,46,3,SYNTHETIC_IDENTIFIER_ONLY,NOT_INCLUDED
SYNTHETIC_ILLUSTRATIVE,BR-047,Branched,47,3,SYNTHETIC_IDENTIFIER_ONLY,NOT_INCLUDED
SYNTHETIC_ILLUSTRATIVE,BR-048,Branched,48,3,SYNTHETIC_IDENTIFIER_ONLY,NOT_INCLUDED
SYNTHETIC_ILLUSTRATIVE,BR-049,Branched,49,3,SYNTHETIC_IDENTIFIER_ONLY,NOT_INCLUDED
SYNTHETIC_ILLUSTRATIVE,BR-050,Branched,50,3,SYNTHETIC_IDENTIFIER_ONLY,NOT_INCLUDED
SYNTHETIC_ILLUSTRATIVE,BR-051,Branched,51,3,SYNTHETIC_IDENTIFIER_ONLY,NOT_INCLUDED
SYNTHETIC_ILLUSTRATIVE,BR-052,Branched,52,3,SYNTHETIC_IDENTIFIER_ONLY,NOT_INCLUDED
SYNTHETIC_ILLUSTRATIVE,BR-053,Branched,53,3,SYNTHETIC_IDENTIFIER_ONLY,NOT_INCLUDED
SYNTHETIC_ILLUSTRATIVE,BR-054,Branched,54,3,SYNTHETIC_IDENTIFIER_ONLY,NOT_INCLUDED
SYNTHETIC_ILLUSTRATIVE,BR-055,Branched,55,3,SYNTHETIC_IDENTIFIER_ONLY,NOT_INCLUDED
SYNTHETIC_ILLUSTRATIVE,BR-056,Branched,56,3,SYNTHETIC_IDENTIFIER_ONLY,NOT_INCLUDED
SYNTHETIC_ILLUSTRATIVE,BR-057,Branched,57,3,SYNTHETIC_IDENTIFIER_ONLY,NOT_INCLUDED
SYNTHETIC_ILLUSTRATIVE,BR-058,Branched,58,3,SYNTHETIC_IDENTIFIER_ONLY,NOT_INCLUDED
SYNTHETIC_ILLUSTRATIVE,BR-059,Branched,59,3,SYNTHETIC_IDENTIFIER_ONLY,NOT_INCLUDED
SYNTHETIC_ILLUSTRATIVE,BR-060,Branched,60,3,SYNTHETIC_IDENTIFIER_ONLY,NOT_INCLUDED
SYNTHETIC_ILLUSTRATIVE,BR-061,Branched,61,3,SYNTHETIC_IDENTIFIER_ONLY,NOT_INCLUDED
SYNTHETIC_ILLUSTRATIVE,BR-062,Branched,62,3,SYNTHETIC_IDENTIFIER_ONLY,NOT_INCLUDED
SYNTHETIC_ILLUSTRATIVE,BR-063,Branched,63,3,SYNTHETIC_IDENTIFIER_ONLY,NOT_INCLUDED
SYNTHETIC_ILLUSTRATIVE,BR-064,Branched,64,3,SYNTHETIC_IDENTIFIER_ONLY,NOT_INCLUDED
SYNTHETIC_ILLUSTRATIVE,BR-065,Branched,65,3,SYNTHETIC_IDENTIFIER_ONLY,NOT_INCLUDED
SYNTHETIC_ILLUSTRATIVE,BR-066,Branched,66,3,SYNTHETIC_IDENTIFIER_ONLY,NOT_INCLUDED
SYNTHETIC_ILLUSTRATIVE,BR-067,Branched,67,3,SYNTHETIC_IDENTIFIER_ONLY,NOT_INCLUDED
SYNTHETIC_ILLUSTRATIVE,BR-068,Branched,68,3,SYNTHETIC_IDENTIFIER_ONLY,NOT_INCLUDED
SYNTHETIC_ILLUSTRATIVE,BR-069,Branched,69,3,SYNTHETIC_IDENTIFIER_ONLY,NOT_INCLUDED
SYNTHETIC_ILLUSTRATIVE,BR-070,Branched,70,3,SYNTHETIC_IDENTIFIER_ONLY,NOT_INCLUDED
SYNTHETIC_ILLUSTRATIVE,BR-071,Branched,71,3,SYNTHETIC_IDENTIFIER_ONLY,NOT_INCLUDED
SYNTHETIC_ILLUSTRATIVE,BR-072,Branched,72,3,SYNTHETIC_IDENTIFIER_ONLY,NOT_INCLUDED
SYNTHETIC_ILLUSTRATIVE,BR-073,Branched,73,3,SYNTHETIC_IDENTIFIER_ONLY,NOT_INCLUDED
SYNTHETIC_ILLUSTRATIVE,BR-074,Branched,74,3,SYNTHETIC_IDENTIFIER_ONLY,NOT_INCLUDED
SYNTHETIC_ILLUSTRATIVE,BR-075,Branched,75,3,SYNTHETIC_IDENTIFIER_ONLY,NOT_INCLUDED
SYNTHETIC_ILLUSTRATIVE,BR-076,Branched,76,3,SYNTHETIC_IDENTIFIER_ONLY,NOT_INCLUDED
SYNTHETIC_ILLUSTRATIVE,BR-077,Branched,77,3,SYNTHETIC_IDENTIFIER_ONLY,NOT_INCLUDED
SYNTHETIC_ILLUSTRATIVE,BR-078,Branched,78,3,SYNTHETIC_IDENTIFIER_ONLY,NOT_INCLUDED
SYNTHETIC_ILLUSTRATIVE,BR-079,Branched,79,3,SYNTHETIC_IDENTIFIER_ONLY,NOT_INCLUDED
SYNTHETIC_ILLUSTRATIVE,BR-080,Branched,80,3,SYNTHETIC_IDENTIFIER_ONLY,NOT_INCLUDED
SYNTHETIC_ILLUSTRATIVE,BR-081,Branched,81,3,SYNTHETIC_IDENTIFIER_ONLY,NOT_INCLUDED
SYNTHETIC_ILLUSTRATIVE,BR-082,Branched,82,3,SYNTHETIC_IDENTIFIER_ONLY,NOT_INCLUDED
SYNTHETIC_ILLUSTRATIVE,BR-083,Branched,83,3,SYNTHETIC_IDENTIFIER_ONLY,NOT_INCLUDED
SYNTHETIC_ILLUSTRATIVE,BR-084,Branched,84,3,SYNTHETIC_IDENTIFIER_ONLY,NOT_INCLUDED
SYNTHETIC_ILLUSTRATIVE,BR-085,Branched,85,3,SYNTHETIC_IDENTIFIER_ONLY,NOT_INCLUDED
SYNTHETIC_ILLUSTRATIVE,BR-086,Branched,86,3,SYNTHETIC_IDENTIFIER_ONLY,NOT_INCLUDED
SYNTHETIC_ILLUSTRATIVE,BR-087,Branched,87,3,SYNTHETIC_IDENTIFIER_ONLY,NOT_INCLUDED
SYNTHETIC_ILLUSTRATIVE,BR-088,Branched,88,3,SYNTHETIC_IDENTIFIER_ONLY,NOT_INCLUDED
SYNTHETIC_ILLUSTRATIVE,BR-089,Branched,89,3,SYNTHETIC_IDENTIFIER_ONLY,NOT_INCLUDED
SYNTHETIC_ILLUSTRATIVE,BR-090,Branched,90,3,SYNTHETIC_IDENTIFIER_ONLY,NOT_INCLUDED
SYNTHETIC_ILLUSTRATIVE,BR-091,Branched,91,3,SYNTHETIC_IDENTIFIER_ONLY,NOT_INCLUDED
SYNTHETIC_ILLUSTRATIVE,BR-092,Branched,92,3,SYNTHETIC_IDENTIFIER_ONLY,NOT_INCLUDED
SYNTHETIC_ILLUSTRATIVE,BR-093,Branched,93,3,SYNTHETIC_IDENTIFIER_ONLY,NOT_INCLUDED
SYNTHETIC_ILLUSTRATIVE,BR-094,Branched,94,3,SYNTHETIC_IDENTIFIER_ONLY,NOT_INCLUDED
SYNTHETIC_ILLUSTRATIVE,BR-095,Branched,95,3,SYNTHETIC_IDENTIFIER_ONLY,NOT_INCLUDED
SYNTHETIC_ILLUSTRATIVE,BR-096,Branched,96,3,SYNTHETIC_IDENTIFIER_ONLY,NOT_INCLUDED
SYNTHETIC_ILLUSTRATIVE,BR-097,Branched,97,3,SYNTHETIC_IDENTIFIER_ONLY,NOT_INCLUDED
SYNTHETIC_ILLUSTRATIVE,BR-098,Branched,98,3,SYNTHETIC_IDENTIFIER_ONLY,NOT_INCLUDED
SYNTHETIC_ILLUSTRATIVE,BR-099,Branched,99,3,SYNTHETIC_IDENTIFIER_ONLY,NOT_INCLUDED
SYNTHETIC_ILLUSTRATIVE,BR-100,Branched,100,3,SYNTHETIC_IDENTIFIER_ONLY,NOT_INCLUDED
SYNTHETIC_ILLUSTRATIVE,SQ-001,Sequential,1,3,SYNTHETIC_IDENTIFIER_ONLY,NOT_INCLUDED
SYNTHETIC_ILLUSTRATIVE,SQ-002,Sequential,2,3,SYNTHETIC_IDENTIFIER_ONLY,NOT_INCLUDED
SYNTHETIC_ILLUSTRATIVE,SQ-003,Sequential,3,3,SYNTHETIC_IDENTIFIER_ONLY,NOT_INCLUDED
SYNTHETIC_ILLUSTRATIVE,SQ-004,Sequential,4,3,SYNTHETIC_IDENTIFIER_ONLY,NOT_INCLUDED
SYNTHETIC_ILLUSTRATIVE,SQ-005,Sequential,5,3,SYNTHETIC_IDENTIFIER_ONLY,NOT_INCLUDED
SYNTHETIC_ILLUSTRATIVE,SQ-006,Sequential,6,3,SYNTHETIC_IDENTIFIER_ONLY,NOT_INCLUDED
SYNTHETIC_ILLUSTRATIVE,SQ-007,Sequential,7,3,SYNTHETIC_IDENTIFIER_ONLY,NOT_INCLUDED
SYNTHETIC_ILLUSTRATIVE,SQ-008,Sequential,8,3,SYNTHETIC_IDENTIFIER_ONLY,NOT_INCLUDED
SYNTHETIC_ILLUSTRATIVE,SQ-009,Sequential,9,3,SYNTHETIC_IDENTIFIER_ONLY,NOT_INCLUDED
SYNTHETIC_ILLUSTRATIVE,SQ-010,Sequential,10,3,SYNTHETIC_IDENTIFIER_ONLY,NOT_INCLUDED
SYNTHETIC_ILLUSTRATIVE,SQ-011,Sequential,11,3,SYNTHETIC_IDENTIFIER_ONLY,NOT_INCLUDED
SYNTHETIC_ILLUSTRATIVE,SQ-012,Sequential,12,2,SYNTHETIC_IDENTIFIER_ONLY,NOT_INCLUDED
SYNTHETIC_ILLUSTRATIVE,SQ-013,Sequential,13,2,SYNTHETIC_IDENTIFIER_ONLY,NOT_INCLUDED
SYNTHETIC_ILLUSTRATIVE,SQ-014,Sequential,14,2,SYNTHETIC_IDENTIFIER_ONLY,NOT_INCLUDED
SYNTHETIC_ILLUSTRATIVE,SQ-015,Sequential,15,2,SYNTHETIC_IDENTIFIER_ONLY,NOT_INCLUDED
SYNTHETIC_ILLUSTRATIVE,SQ-016,Sequential,16,2,SYNTHETIC_IDENTIFIER_ONLY,NOT_INCLUDED
SYNTHETIC_ILLUSTRATIVE,SQ-017,Sequential,17,2,SYNTHETIC_IDENTIFIER_ONLY,NOT_INCLUDED
SYNTHETIC_ILLUSTRATIVE,SQ-018,Sequential,18,2,SYNTHETIC_IDENTIFIER_ONLY,NOT_INCLUDED
SYNTHETIC_ILLUSTRATIVE,SQ-019,Sequential,19,2,SYNTHETIC_IDENTIFIER_ONLY,NOT_INCLUDED
SYNTHETIC_ILLUSTRATIVE,SQ-020,Sequential,20,2,SYNTHETIC_IDENTIFIER_ONLY,NOT_INCLUDED
SYNTHETIC_ILLUSTRATIVE,SQ-021,Sequential,21,2,SYNTHETIC_IDENTIFIER_ONLY,NOT_INCLUDED
SYNTHETIC_ILLUSTRATIVE,SQ-022,Sequential,22,2,SYNTHETIC_IDENTIFIER_ONLY,NOT_INCLUDED
SYNTHETIC_ILLUSTRATIVE,SQ-023,Sequential,23,2,SYNTHETIC_IDENTIFIER_ONLY,NOT_INCLUDED
SYNTHETIC_ILLUSTRATIVE,SQ-024,Sequential,24,2,SYNTHETIC_IDENTIFIER_ONLY,NOT_INCLUDED
SYNTHETIC_ILLUSTRATIVE,SQ-025,Sequential,25,2,SYNTHETIC_IDENTIFIER_ONLY,NOT_INCLUDED
SYNTHETIC_ILLUSTRATIVE,SQ-026,Sequential,26,2,SYNTHETIC_IDENTIFIER_ONLY,NOT_INCLUDED
SYNTHETIC_ILLUSTRATIVE,SQ-027,Sequential,27,2,SYNTHETIC_IDENTIFIER_ONLY,NOT_INCLUDED
SYNTHETIC_ILLUSTRATIVE,SQ-028,Sequential,28,2,SYNTHETIC_IDENTIFIER_ONLY,NOT_INCLUDED
SYNTHETIC_ILLUSTRATIVE,SQ-029,Sequential,29,2,SYNTHETIC_IDENTIFIER_ONLY,NOT_INCLUDED
SYNTHETIC_ILLUSTRATIVE,SQ-030,Sequential,30,2,SYNTHETIC_IDENTIFIER_ONLY,NOT_INCLUDED
SYNTHETIC_ILLUSTRATIVE,SQ-031,Sequential,31,2,SYNTHETIC_IDENTIFIER_ONLY,NOT_INCLUDED
SYNTHETIC_ILLUSTRATIVE,SQ-032,Sequential,32,2,SYNTHETIC_IDENTIFIER_ONLY,NOT_INCLUDED
SYNTHETIC_ILLUSTRATIVE,SQ-033,Sequential,33,2,SYNTHETIC_IDENTIFIER_ONLY,NOT_INCLUDED
SYNTHETIC_ILLUSTRATIVE,SQ-034,Sequential,34,2,SYNTHETIC_IDENTIFIER_ONLY,NOT_INCLUDED
SYNTHETIC_ILLUSTRATIVE,SQ-035,Sequential,35,2,SYNTHETIC_IDENTIFIER_ONLY,NOT_INCLUDED
SYNTHETIC_ILLUSTRATIVE,SQ-036,Sequential,36,2,SYNTHETIC_IDENTIFIER_ONLY,NOT_INCLUDED
SYNTHETIC_ILLUSTRATIVE,SQ-037,Sequential,37,2,SYNTHETIC_IDENTIFIER_ONLY,NOT_INCLUDED
SYNTHETIC_ILLUSTRATIVE,SQ-038,Sequential,38,2,SYNTHETIC_IDENTIFIER_ONLY,NOT_INCLUDED
SYNTHETIC_ILLUSTRATIVE,SQ-039,Sequential,39,2,SYNTHETIC_IDENTIFIER_ONLY,NOT_INCLUDED
SYNTHETIC_ILLUSTRATIVE,SQ-040,Sequential,40,2,SYNTHETIC_IDENTIFIER_ONLY,NOT_INCLUDED
SYNTHETIC_ILLUSTRATIVE,SQ-041,Sequential,41,2,SYNTHETIC_IDENTIFIER_ONLY,NOT_INCLUDED
SYNTHETIC_ILLUSTRATIVE,SQ-042,Sequential,42,2,SYNTHETIC_IDENTIFIER_ONLY,NOT_INCLUDED
SYNTHETIC_ILLUSTRATIVE,SQ-043,Sequential,43,2,SYNTHETIC_IDENTIFIER_ONLY,NOT_INCLUDED
SYNTHETIC_ILLUSTRATIVE,SQ-044,Sequential,44,2,SYNTHETIC_IDENTIFIER_ONLY,NOT_INCLUDED
SYNTHETIC_ILLUSTRATIVE,SQ-045,Sequential,45,2,SYNTHETIC_IDENTIFIER_ONLY,NOT_INCLUDED
SYNTHETIC_ILLUSTRATIVE,SQ-046,Sequential,46,2,SYNTHETIC_IDENTIFIER_ONLY,NOT_INCLUDED
SYNTHETIC_ILLUSTRATIVE,SQ-047,Sequential,47,2,SYNTHETIC_IDENTIFIER_ONLY,NOT_INCLUDED
SYNTHETIC_ILLUSTRATIVE,SQ-048,Sequential,48,2,SYNTHETIC_IDENTIFIER_ONLY,NOT_INCLUDED
SYNTHETIC_ILLUSTRATIVE,SQ-049,Sequential,49,2,SYNTHETIC_IDENTIFIER_ONLY,NOT_INCLUDED
SYNTHETIC_ILLUSTRATIVE,SQ-050,Sequential,50,2,SYNTHETIC_IDENTIFIER_ONLY,NOT_INCLUDED
SYNTHETIC_ILLUSTRATIVE,SQ-051,Sequential,51,2,SYNTHETIC_IDENTIFIER_ONLY,NOT_INCLUDED
SYNTHETIC_ILLUSTRATIVE,SQ-052,Sequential,52,2,SYNTHETIC_IDENTIFIER_ONLY,NOT_INCLUDED
SYNTHETIC_ILLUSTRATIVE,SQ-053,Sequential,53,2,SYNTHETIC_IDENTIFIER_ONLY,NOT_INCLUDED
SYNTHETIC_ILLUSTRATIVE,SQ-054,Sequential,54,2,SYNTHETIC_IDENTIFIER_ONLY,NOT_INCLUDED
SYNTHETIC_ILLUSTRATIVE,SQ-055,Sequential,55,2,SYNTHETIC_IDENTIFIER_ONLY,NOT_INCLUDED
SYNTHETIC_ILLUSTRATIVE,SQ-056,Sequential,56,2,SYNTHETIC_IDENTIFIER_ONLY,NOT_INCLUDED
SYNTHETIC_ILLUSTRATIVE,SQ-057,Sequential,57,2,SYNTHETIC_IDENTIFIER_ONLY,NOT_INCLUDED
SYNTHETIC_ILLUSTRATIVE,SQ-058,Sequential,58,2,SYNTHETIC_IDENTIFIER_ONLY,NOT_INCLUDED
SYNTHETIC_ILLUSTRATIVE,SQ-059,Sequential,59,2,SYNTHETIC_IDENTIFIER_ONLY,NOT_INCLUDED
SYNTHETIC_ILLUSTRATIVE,SQ-060,Sequential,60,2,SYNTHETIC_IDENTIFIER_ONLY,NOT_INCLUDED
SYNTHETIC_ILLUSTRATIVE,SQ-061,Sequential,61,2,SYNTHETIC_IDENTIFIER_ONLY,NOT_INCLUDED
SYNTHETIC_ILLUSTRATIVE,SQ-062,Sequential,62,2,SYNTHETIC_IDENTIFIER_ONLY,NOT_INCLUDED
SYNTHETIC_ILLUSTRATIVE,SQ-063,Sequential,63,2,SYNTHETIC_IDENTIFIER_ONLY,NOT_INCLUDED
SYNTHETIC_ILLUSTRATIVE,SL-001,Single-path-Loop,1,3,SYNTHETIC_IDENTIFIER_ONLY,NOT_INCLUDED
SYNTHETIC_ILLUSTRATIVE,SL-002,Single-path-Loop,2,3,SYNTHETIC_IDENTIFIER_ONLY,NOT_INCLUDED
SYNTHETIC_ILLUSTRATIVE,SL-003,Single-path-Loop,3,3,SYNTHETIC_IDENTIFIER_ONLY,NOT_INCLUDED
SYNTHETIC_ILLUSTRATIVE,SL-004,Single-path-Loop,4,3,SYNTHETIC_IDENTIFIER_ONLY,NOT_INCLUDED
SYNTHETIC_ILLUSTRATIVE,SL-005,Single-path-Loop,5,3,SYNTHETIC_IDENTIFIER_ONLY,NOT_INCLUDED
SYNTHETIC_ILLUSTRATIVE,SL-006,Single-path-Loop,6,3,SYNTHETIC_IDENTIFIER_ONLY,NOT_INCLUDED
SYNTHETIC_ILLUSTRATIVE,SL-007,Single-path-Loop,7,3,SYNTHETIC_IDENTIFIER_ONLY,NOT_INCLUDED
SYNTHETIC_ILLUSTRATIVE,SL-008,Single-path-Loop,8,3,SYNTHETIC_IDENTIFIER_ONLY,NOT_INCLUDED
SYNTHETIC_ILLUSTRATIVE,SL-009,Single-path-Loop,9,3,SYNTHETIC_IDENTIFIER_ONLY,NOT_INCLUDED
SYNTHETIC_ILLUSTRATIVE,SL-010,Single-path-Loop,10,3,SYNTHETIC_IDENTIFIER_ONLY,NOT_INCLUDED
SYNTHETIC_ILLUSTRATIVE,SL-011,Single-path-Loop,11,3,SYNTHETIC_IDENTIFIER_ONLY,NOT_INCLUDED
SYNTHETIC_ILLUSTRATIVE,SL-012,Single-path-Loop,12,3,SYNTHETIC_IDENTIFIER_ONLY,NOT_INCLUDED
SYNTHETIC_ILLUSTRATIVE,SL-013,Single-path-Loop,13,3,SYNTHETIC_IDENTIFIER_ONLY,NOT_INCLUDED
SYNTHETIC_ILLUSTRATIVE,SL-014,Single-path-Loop,14,3,SYNTHETIC_IDENTIFIER_ONLY,NOT_INCLUDED
SYNTHETIC_ILLUSTRATIVE,SL-015,Single-path-Loop,15,3,SYNTHETIC_IDENTIFIER_ONLY,NOT_INCLUDED
SYNTHETIC_ILLUSTRATIVE,SL-016,Single-path-Loop,16,2,SYNTHETIC_IDENTIFIER_ONLY,NOT_INCLUDED
SYNTHETIC_ILLUSTRATIVE,SL-017,Single-path-Loop,17,2,SYNTHETIC_IDENTIFIER_ONLY,NOT_INCLUDED
SYNTHETIC_ILLUSTRATIVE,SL-018,Single-path-Loop,18,2,SYNTHETIC_IDENTIFIER_ONLY,NOT_INCLUDED
SYNTHETIC_ILLUSTRATIVE,SL-019,Single-path-Loop,19,2,SYNTHETIC_IDENTIFIER_ONLY,NOT_INCLUDED
SYNTHETIC_ILLUSTRATIVE,SL-020,Single-path-Loop,20,2,SYNTHETIC_IDENTIFIER_ONLY,NOT_INCLUDED
SYNTHETIC_ILLUSTRATIVE,SL-021,Single-path-Loop,21,2,SYNTHETIC_IDENTIFIER_ONLY,NOT_INCLUDED
SYNTHETIC_ILLUSTRATIVE,ML-001,Multi-path-Loop,1,4,SYNTHETIC_IDENTIFIER_ONLY,NOT_INCLUDED
SYNTHETIC_ILLUSTRATIVE,ML-002,Multi-path-Loop,2,4,SYNTHETIC_IDENTIFIER_ONLY,NOT_INCLUDED
SYNTHETIC_ILLUSTRATIVE,ML-003,Multi-path-Loop,3,4,SYNTHETIC_IDENTIFIER_ONLY,NOT_INCLUDED
SYNTHETIC_ILLUSTRATIVE,ML-004,Multi-path-Loop,4,4,SYNTHETIC_IDENTIFIER_ONLY,NOT_INCLUDED
SYNTHETIC_ILLUSTRATIVE,ML-005,Multi-path-Loop,5,4,SYNTHETIC_IDENTIFIER_ONLY,NOT_INCLUDED
SYNTHETIC_ILLUSTRATIVE,ML-006,Multi-path-Loop,6,4,SYNTHETIC_IDENTIFIER_ONLY,NOT_INCLUDED
SYNTHETIC_ILLUSTRATIVE,ML-007,Multi-path-Loop,7,4,SYNTHETIC_IDENTIFIER_ONLY,NOT_INCLUDED
SYNTHETIC_ILLUSTRATIVE,ML-008,Multi-path-Loop,8,4,SYNTHETIC_IDENTIFIER_ONLY,NOT_INCLUDED
SYNTHETIC_ILLUSTRATIVE,ML-009,Multi-path-Loop,9,4,SYNTHETIC_IDENTIFIER_ONLY,NOT_INCLUDED
SYNTHETIC_ILLUSTRATIVE,ML-010,Multi-path-Loop,10,4,SYNTHETIC_IDENTIFIER_ONLY,NOT_INCLUDED
SYNTHETIC_ILLUSTRATIVE,ML-011,Multi-path-Loop,11,4,SYNTHETIC_IDENTIFIER_ONLY,NOT_INCLUDED
SYNTHETIC_ILLUSTRATIVE,ML-012,Multi-path-Loop,12,3,SYNTHETIC_IDENTIFIER_ONLY,NOT_INCLUDED
SYNTHETIC_ILLUSTRATIVE,ML-013,Multi-path-Loop,13,3,SYNTHETIC_IDENTIFIER_ONLY,NOT_INCLUDED
SYNTHETIC_ILLUSTRATIVE,ML-014,Multi-path-Loop,14,3,SYNTHETIC_IDENTIFIER_ONLY,NOT_INCLUDED
SYNTHETIC_ILLUSTRATIVE,ML-015,Multi-path-Loop,15,3,SYNTHETIC_IDENTIFIER_ONLY,NOT_INCLUDED
SYNTHETIC_ILLUSTRATIVE,ML-016,Multi-path-Loop,16,3,SYNTHETIC_IDENTIFIER_ONLY,NOT_INCLUDED
SYNTHETIC_ILLUSTRATIVE,ML-017,Multi-path-Loop,17,3,SYNTHETIC_IDENTIFIER_ONLY,NOT_INCLUDED
SYNTHETIC_ILLUSTRATIVE,ML-018,Multi-path-Loop,18,3,SYNTHETIC_IDENTIFIER_ONLY,NOT_INCLUDED
SYNTHETIC_ILLUSTRATIVE,ML-019,Multi-path-Loop,19,3,SYNTHETIC_IDENTIFIER_ONLY,NOT_INCLUDED
SYNTHETIC_ILLUSTRATIVE,ML-020,Multi-path-Loop,20,3,SYNTHETIC_IDENTIFIER_ONLY,NOT_INCLUDED
SYNTHETIC_ILLUSTRATIVE,ML-021,Multi-path-Loop,21,3,SYNTHETIC_IDENTIFIER_ONLY,NOT_INCLUDED
SYNTHETIC_ILLUSTRATIVE,ML-022,Multi-path-Loop,22,3,SYNTHETIC_IDENTIFIER_ONLY,NOT_INCLUDED
SYNTHETIC_ILLUSTRATIVE,ML-023,Multi-path-Loop,23,3,SYNTHETIC_IDENTIFIER_ONLY,NOT_INCLUDED
SYNTHETIC_ILLUSTRATIVE,ML-024,Multi-path-Loop,24,3,SYNTHETIC_IDENTIFIER_ONLY,NOT_INCLUDED
SYNTHETIC_ILLUSTRATIVE,ML-025,Multi-path-Loop,25,3,SYNTHETIC_IDENTIFIER_ONLY,NOT_INCLUDED
SYNTHETIC_ILLUSTRATIVE,ML-026,Multi-path-Loop,26,3,SYNTHETIC_IDENTIFIER_ONLY,NOT_INCLUDED
SYNTHETIC_ILLUSTRATIVE,ML-027,Multi-path-Loop,27,3,SYNTHETIC_IDENTIFIER_ONLY,NOT_INCLUDED
SYNTHETIC_ILLUSTRATIVE,ML-028,Multi-path-Loop,28,3,SYNTHETIC_IDENTIFIER_ONLY,NOT_INCLUDED
SYNTHETIC_ILLUSTRATIVE,ML-029,Multi-path-Loop,29,3,SYNTHETIC_IDENTIFIER_ONLY,NOT_INCLUDED
SYNTHETIC_ILLUSTRATIVE,ML-030,Multi-path-Loop,30,3,SYNTHETIC_IDENTIFIER_ONLY,NOT_INCLUDED
SYNTHETIC_ILLUSTRATIVE,ML-031,Multi-path-Loop,31,3,SYNTHETIC_IDENTIFIER_ONLY,NOT_INCLUDED
SYNTHETIC_ILLUSTRATIVE,NL-001,Nested-Loop,1,3,SYNTHETIC_IDENTIFIER_ONLY,NOT_INCLUDED
SYNTHETIC_ILLUSTRATIVE,NL-002,Nested-Loop,2,3,SYNTHETIC_IDENTIFIER_ONLY,NOT_INCLUDED
SYNTHETIC_ILLUSTRATIVE,NL-003,Nested-Loop,3,3,SYNTHETIC_IDENTIFIER_ONLY,NOT_INCLUDED
SYNTHETIC_ILLUSTRATIVE,NL-004,Nested-Loop,4,3,SYNTHETIC_IDENTIFIER_ONLY,NOT_INCLUDED
SYNTHETIC_ILLUSTRATIVE,NL-005,Nested-Loop,5,3,SYNTHETIC_IDENTIFIER_ONLY,NOT_INCLUDED
SYNTHETIC_ILLUSTRATIVE,NL-006,Nested-Loop,6,3,SYNTHETIC_IDENTIFIER_ONLY,NOT_INCLUDED
SYNTHETIC_ILLUSTRATIVE,NL-007,Nested-Loop,7,3,SYNTHETIC_IDENTIFIER_ONLY,NOT_INCLUDED
SYNTHETIC_ILLUSTRATIVE,NL-008,Nested-Loop,8,3,SYNTHETIC_IDENTIFIER_ONLY,NOT_INCLUDED
SYNTHETIC_ILLUSTRATIVE,NL-009,Nested-Loop,9,3,SYNTHETIC_IDENTIFIER_ONLY,NOT_INCLUDED
SYNTHETIC_ILLUSTRATIVE,NL-010,Nested-Loop,10,3,SYNTHETIC_IDENTIFIER_ONLY,NOT_INCLUDED
SYNTHETIC_ILLUSTRATIVE,NL-011,Nested-Loop,11,3,SYNTHETIC_IDENTIFIER_ONLY,NOT_INCLUDED
SYNTHETIC_ILLUSTRATIVE,NL-012,Nested-Loop,12,3,SYNTHETIC_IDENTIFIER_ONLY,NOT_INCLUDED
SYNTHETIC_ILLUSTRATIVE,NL-013,Nested-Loop,13,3,SYNTHETIC_IDENTIFIER_ONLY,NOT_INCLUDED
SYNTHETIC_ILLUSTRATIVE,NL-014,Nested-Loop,14,3,SYNTHETIC_IDENTIFIER_ONLY,NOT_INCLUDED
SYNTHETIC_ILLUSTRATIVE,NL-015,Nested-Loop,15,3,SYNTHETIC_IDENTIFIER_ONLY,NOT_INCLUDED
SYNTHETIC_ILLUSTRATIVE,NL-016,Nested-Loop,16,3,SYNTHETIC_IDENTIFIER_ONLY,NOT_INCLUDED
SYNTHETIC_ILLUSTRATIVE,NL-017,Nested-Loop,17,3,SYNTHETIC_IDENTIFIER_ONLY,NOT_INCLUDED
SYNTHETIC_ILLUSTRATIVE,NL-018,Nested-Loop,18,3,SYNTHETIC_IDENTIFIER_ONLY,NOT_INCLUDED
SYNTHETIC_ILLUSTRATIVE,NL-019,Nested-Loop,19,3,SYNTHETIC_IDENTIFIER_ONLY,NOT_INCLUDED
SYNTHETIC_ILLUSTRATIVE,NL-020,Nested-Loop,20,3,SYNTHETIC_IDENTIFIER_ONLY,NOT_INCLUDED
SYNTHETIC_ILLUSTRATIVE,NL-021,Nested-Loop,21,3,SYNTHETIC_IDENTIFIER_ONLY,NOT_INCLUDED
SYNTHETIC_ILLUSTRATIVE,NL-022,Nested-Loop,22,3,SYNTHETIC_IDENTIFIER_ONLY,NOT_INCLUDED
SYNTHETIC_ILLUSTRATIVE,NL-023,Nested-Loop,23,3,SYNTHETIC_IDENTIFIER_ONLY,NOT_INCLUDED
SYNTHETIC_ILLUSTRATIVE,NL-024,Nested-Loop,24,3,SYNTHETIC_IDENTIFIER_ONLY,NOT_INCLUDED
SYNTHETIC_ILLUSTRATIVE,NL-025,Nested-Loop,25,3,SYNTHETIC_IDENTIFIER_ONLY,NOT_INCLUDED
SYNTHETIC_ILLUSTRATIVE,NL-026,Nested-Loop,26,3,SYNTHETIC_IDENTIFIER_ONLY,NOT_INCLUDED
SYNTHETIC_ILLUSTRATIVE,NL-027,Nested-Loop,27,3,SYNTHETIC_IDENTIFIER_ONLY,NOT_INCLUDED
SYNTHETIC_ILLUSTRATIVE,NL-028,Nested-Loop,28,3,SYNTHETIC_IDENTIFIER_ONLY,NOT_INCLUDED
SYNTHETIC_ILLUSTRATIVE,NL-029,Nested-Loop,29,3,SYNTHETIC_IDENTIFIER_ONLY,NOT_INCLUDED
SYNTHETIC_ILLUSTRATIVE,NL-030,Nested-Loop,30,3,SYNTHETIC_IDENTIFIER_ONLY,NOT_INCLUDED
SYNTHETIC_ILLUSTRATIVE,NL-031,Nested-Loop,31,3,SYNTHETIC_IDENTIFIER_ONLY,NOT_INCLUDED
SYNTHETIC_ILLUSTRATIVE,NL-032,Nested-Loop,32,3,SYNTHETIC_IDENTIFIER_ONLY,NOT_INCLUDED
SYNTHETIC_ILLUSTRATIVE,NL-033,Nested-Loop,33,3,SYNTHETIC_IDENTIFIER_ONLY,NOT_INCLUDED
SYNTHETIC_ILLUSTRATIVE,NL-034,Nested-Loop,34,2,SYNTHETIC_IDENTIFIER_ONLY,NOT_INCLUDED
SYNTHETIC_ILLUSTRATIVE,NL-035,Nested-Loop,35,2,SYNTHETIC_IDENTIFIER_ONLY,NOT_INCLUDED
