data_status,task_id,program_id,category,original_loc,slice_loc,loc_ratio,original_executable_statements,slice_executable_statements,executable_statement_ratio,original_cyclomatic_complexity,slice_cyclomatic_complexity,cyclomatic_complexity_ratio
SYNTHETIC_ILLUSTRATIVE,BR-001-T01,BR-001,Branched,9322,4156,0.445827,9842,3441,0.349624,4199,1517,0.361276
SYNTHETIC_ILLUSTRATIVE,BR-001-T02,BR-001,Branched,9322,4254,0.456340,9842,2694,0.273725,4199,1398,0.332936
SYNTHETIC_ILLUSTRATIVE,BR-001-T03,BR-001,Branched,9322,4199,0.450440,9842,3039,0.308779,4199,1116,0.265778
SYNTHETIC_ILLUSTRATIVE,BR-001-T04,BR-001,Branched,9322,4612,0.494744,9842,3683,0.374213,4199,1526,0.363420
SYNTHETIC_ILLUSTRATIVE,BR-002-T01,BR-002,Branched,8813,4737,0.537501,7183,2178,0.303216,4011,4011,1.000000
SYNTHETIC_ILLUSTRATIVE,BR-002-T02,BR-002,Branched,8813,4182,0.474526,7183,2583,0.359599,4011,4011,1.000000
SYNTHETIC_ILLUSTRATIVE,BR-002-T03,BR-002,Branched,8813,4785,0.542948,7183,2158,0.300432,4011,1451,0.361755
SYNTHETIC_ILLUSTRATIVE,BR-002-T04,BR-002,Branched,8813,4526,0.513560,7183,3087,0.429765,4011,1281,0.319372
SYNTHETIC_ILLUSTRATIVE,BR-003-T01,BR-003,Branched,10986,4351,0.396050,8340,2336,0.280096,5175,2240,0.432850
SYNTHETIC_ILLUSTRATIVE,BR-003-T02,BR-003,Branched,10986,4987,0.453941,8340,3098,0.371463,5175,1418,0.274010
SYNTHETIC_ILLUSTRATIVE,BR-003-T03,BR-003,Branched,10986,5453,0.496359,8340,3688,0.442206,5175,1612,0.311498
SYNTHETIC_ILLUSTRATIVE,BR-003-T04,BR-003,Branched,10986,4797,0.436647,8340,2915,0.349520,5175,1360,0.262802
SYNTHETIC_ILLUSTRATIVE,BR-004-T01,BR-004,Branched,9766,5033,0.515359,6357,2833,0.445650,6047,2266,0.374731
SYNTHETIC_ILLUSTRATIVE,BR-004-T02,BR-004,Branched,9766,4202,0.430268,6357,1824,0.286928,6047,1944,0.321482
SYNTHETIC_ILLUSTRATIVE,BR-004-T03,BR-004,Branched,9766,3950,0.404464,6357,2425,0.381469,6047,1830,0.302629
SYNTHETIC_ILLUSTRATIVE,BR-004-T04,BR-004,Branched,9766,4437,0.454331,6357,1881,0.295894,6047,1915,0.316686
SYNTHETIC_ILLUSTRATIVE,BR-005-T01,BR-005,Branched,8965,3935,0.438929,8648,3776,0.436633,4566,1859,0.407140
SYNTHETIC_ILLUSTRATIVE,BR-005-T02,BR-005,Branched,8965,4076,0.454657,8648,3483,0.402752,4566,1980,0.433640
SYNTHETIC_ILLUSTRATIVE,BR-005-T03,BR-005,Branched,8965,3839,0.428221,8648,2534,0.293016,4566,1837,0.402322
SYNTHETIC_ILLUSTRATIVE,BR-005-T04,BR-005,Branched,8965,4431,0.494255,8648,3765,0.435361,4566,1537,0.336618
SYNTHETIC_ILLUSTRATIVE,BR-006-T01,BR-006,Branched,9716,4207,0.432997,9590,3381,0.352555,5405,2353,0.435338
SYNTHETIC_ILLUSTRATIVE,BR-006-T02,BR-006,Branched,9716,4206,0.432894,9590,3886,0.405214,5405,1756,0.324884
SYNTHETIC_ILLUSTRATIVE,BR-006-T03,BR-006,Branched,9716,3959,0.407472,9590,4234,0.441502,5405,1843,0.340981
SYNTHETIC_ILLUSTRATIVE,BR-006-T04,BR-006,Branched,9716,4017,0.413442,9590,3995,0.416580,5405,1507,0.278816
SYNTHETIC_ILLUSTRATIVE,BR-007-T01,BR-007,Branched,10684,4922,0.460689,7108,3049,0.428953,7245,2466,0.340373
SYNTHETIC_ILLUSTRATIVE,BR-007-T02,BR-007,Branched,10684,4962,0.464433,7108,2450,0.344682,7245,2248,0.310283
SYNTHETIC_ILLUSTRATIVE,BR-007-T03,BR-007,Branched,10684,5860,0.548484,7108,2892,0.406866,7245,2152,0.297032
SYNTHETIC_ILLUSTRATIVE,BR-007-T04,BR-007,Branched,10684,4269,0.399569,7108,2508,0.352842,7245,2152,0.297032
SYNTHETIC_ILLUSTRATIVE,BR-008-T01,BR-008,Branched,11190,5124,0.457909,9940,2752,0.276861,4015,1420,0.353674
SYNTHETIC_ILLUSTRATIVE,BR-008-T02,BR-008,Branched,11190,4909,0.438695,9940,2789,0.280584,4015,1714,0.426899
SYNTHETIC_ILLUSTRATIVE,BR-008-T03,BR-008,Branched,11190,4828,0.431457,9940,3966,0.398994,4015,1161,0.289166
SYNTHETIC_ILLUSTRATIVE,BR-008-T04,BR-008,Branched,11190,5449,0.486953,9940,3132,0.315091,4015,1237,0.308095
SYNTHETIC_ILLUSTRATIVE,BR-009-T01,BR-009,Branched,8135,3801,0.467240,7336,2723,0.371183,4537,1183,0.260745
SYNTHETIC_ILLUSTRATIVE,BR-009-T02,BR-009,Branched,8135,4099,0.503872,7336,3315,0.451881,4537,1538,0.338991
SYNTHETIC_ILLUSTRATIVE,BR-009-T03,BR-009,Branched,8135,3672,0.451383,7336,2817,0.383997,4537,1861,0.410183
SYNTHETIC_ILLUSTRATIVE,BR-009-T04,BR-009,Branched,8135,3174,0.390166,7336,2440,0.332606,4537,1466,0.323121
SYNTHETIC_ILLUSTRATIVE,BR-010-T01,BR-010,Branched,10831,4997,0.461361,6101,1,0.000164,7168,2373,0.331055
SYNTHETIC_ILLUSTRATIVE,BR-010-T02,BR-010,Branched,10831,5454,0.503555,6101,1326,0.217341,7168,2661,0.371233
SYNTHETIC_ILLUSTRATIVE,BR-010-T03,BR-010,Branched,10831,5693,0.525621,6101,2647,0.433863,7168,2909,0.405831
SYNTHETIC_ILLUSTRATIVE,BR-010-T04,BR-010,Branched,10831,5196,0.479734,6101,2156,0.353385,7168,2433,0.339425
SYNTHETIC_ILLUSTRATIVE,BR-011-T01,BR-011,Branched,8378,4188,0.499881,7419,2742,0.369592,7407,2380,0.321318
SYNTHETIC_ILLUSTRATIVE,BR-011-T02,BR-011,Branched,8378,4279,0.510742,7419,3255,0.438738,7407,2731,0.368705
SYNTHETIC_ILLUSTRATIVE,BR-011-T03,BR-011,Branched,8378,3511,0.419074,7419,3366,0.453700,7407,3239,0.437289
SYNTHETIC_ILLUSTRATIVE,BR-011-T04,BR-011,Branched,8378,4243,0.506445,7419,3127,0.421485,7407,3143,0.424328
SYNTHETIC_ILLUSTRATIVE,BR-012-T01,BR-012,Branched,10433,4457,0.427202,6625,1772,0.267472,6620,2439,0.368429
SYNTHETIC_ILLUSTRATIVE,BR-012-T02,BR-012,Branched,10433,4407,0.422410,6625,2184,0.329660,6620,2845,0.429758
SYNTHETIC_ILLUSTRATIVE,BR-012-T03,BR-012,Branched,10433,5411,0.518643,6625,1902,0.287094,6620,1799,0.271752
SYNTHETIC_ILLUSTRATIVE,BR-012-T04,BR-012,Branched,10433,5007,0.479919,6625,1964,0.296453,6620,2306,0.348338
SYNTHETIC_ILLUSTRATIVE,BR-013-T01,BR-013,Branched,9278,3662,0.394697,6859,2193,0.319726,6048,2113,0.349372
SYNTHETIC_ILLUSTRATIVE,BR-013-T02,BR-013,Branched,9278,4762,0.513257,6859,2788,0.406473,6048,1949,0.322255
SYNTHETIC_ILLUSTRATIVE,BR-013-T03,BR-013,Branched,9278,4576,0.493210,6859,2307,0.336346,6048,1758,0.290675
SYNTHETIC_ILLUSTRATIVE,BR-013-T04,BR-013,Branched,9278,4372,0.471222,6859,2323,0.338679,6048,2214,0.366071
SYNTHETIC_ILLUSTRATIVE,BR-014-T01,BR-014,Branched,9395,3697,0.393507,9707,4115,0.423921,7250,2381,0.328414
SYNTHETIC_ILLUSTRATIVE,BR-014-T02,BR-014,Branched,9395,5145,0.547632,9707,2532,0.260843,7250,3096,0.427034
SYNTHETIC_ILLUSTRATIVE,BR-014-T03,BR-014,Branched,9395,4705,0.500798,9707,3379,0.348099,7250,2494,0.344000
SYNTHETIC_ILLUSTRATIVE,BR-014-T04,BR-014,Branched,9395,3698,0.393614,9707,2881,0.296796,7250,2979,0.410897
SYNTHETIC_ILLUSTRATIVE,BR-015-T01,BR-015,Branched,10601,5774,0.544666,7509,2271,0.302437,7690,2724,0.354226
SYNTHETIC_ILLUSTRATIVE,BR-015-T02,BR-015,Branched,10601,4721,0.445335,7509,3410,0.454122,7690,3192,0.415085
SYNTHETIC_ILLUSTRATIVE,BR-015-T03,BR-015,Branched,10601,5627,0.530799,7509,3266,0.434945,7690,3180,0.413524
SYNTHETIC_ILLUSTRATIVE,BR-015-T04,BR-015,Branched,10601,5015,0.473069,7509,2237,0.297909,7690,3348,0.435371
SYNTHETIC_ILLUSTRATIVE,BR-016-T01,BR-016,Branched,8586,4039,0.470417,8056,3281,0.407274,5922,2290,0.386694
SYNTHETIC_ILLUSTRATIVE,BR-016-T02,BR-016,Branched,8586,3511,0.408922,8056,2313,0.287115,5922,1783,0.301081
SYNTHETIC_ILLUSTRATIVE,BR-016-T03,BR-016,Branched,8586,4069,0.473911,8056,2418,0.300149,5922,2238,0.377913
SYNTHETIC_ILLUSTRATIVE,BR-016-T04,BR-016,Branched,8586,4102,0.477754,8056,2497,0.309955,5922,2458,0.415062
SYNTHETIC_ILLUSTRATIVE,BR-017-T01,BR-017,Branched,8729,3808,0.436247,8581,2436,0.283883,5328,2246,0.421547
SYNTHETIC_ILLUSTRATIVE,BR-017-T02,BR-017,Branched,8729,4527,0.518616,8581,2850,0.332129,5328,2030,0.381006
SYNTHETIC_ILLUSTRATIVE,BR-017-T03,BR-017,Branched,8729,3891,0.445756,8581,2672,0.311386,5328,2070,0.388514
SYNTHETIC_ILLUSTRATIVE,BR-017-T04,BR-017,Branched,8729,4789,0.548631,8581,3466,0.403916,5328,1407,0.264077
SYNTHETIC_ILLUSTRATIVE,BR-018-T01,BR-018,Branched,10463,5307,0.507216,6678,2462,0.368673,5384,1794,0.333210
SYNTHETIC_ILLUSTRATIVE,BR-018-T02,BR-018,Branched,10463,4197,0.401128,6678,1853,0.277478,5384,1517,0.281761
SYNTHETIC_ILLUSTRATIVE,BR-018-T03,BR-018,Branched,10463,4572,0.436968,6678,1931,0.289158,5384,1937,0.359770
SYNTHETIC_ILLUSTRATIVE,BR-018-T04,BR-018,Branched,10463,5720,0.546688,6678,1935,0.289757,5384,1494,0.277489
SYNTHETIC_ILLUSTRATIVE,BR-019-T01,BR-019,Branched,9351,3916,0.418779,9106,2574,0.282671,6656,2811,0.422326
SYNTHETIC_ILLUSTRATIVE,BR-019-T02,BR-019,Branched,9351,4596,0.491498,9106,3815,0.418955,6656,2354,0.353666
SYNTHETIC_ILLUSTRATIVE,BR-019-T03,BR-019,Branched,9351,4233,0.452679,9106,2886,0.316934,6656,2531,0.380258
SYNTHETIC_ILLUSTRATIVE,BR-019-T04,BR-019,Branched,9351,4821,0.515560,9106,2476,0.271909,6656,2423,0.364032
SYNTHETIC_ILLUSTRATIVE,BR-020-T01,BR-020,Branched,11634,5984,0.514354,7967,3048,0.382578,4147,1340,0.323125
SYNTHETIC_ILLUSTRATIVE,BR-020-T02,BR-020,Branched,11634,5116,0.439746,7967,3274,0.410945,4147,1633,0.393779
SYNTHETIC_ILLUSTRATIVE,BR-020-T03,BR-020,Branched,11634,4945,0.425047,7967,2302,0.288942,4147,1434,0.345792
SYNTHETIC_ILLUSTRATIVE,BR-020-T04,BR-020,Branched,11634,5697,0.489685,7967,2065,0.259194,4147,1490,0.359296
SYNTHETIC_ILLUSTRATIVE,BR-021-T01,BR-021,Branched,8999,4605,0.511724,8338,2829,0.339290,5725,1641,0.286638
SYNTHETIC_ILLUSTRATIVE,BR-021-T02,BR-021,Branched,8999,3544,0.393822,8338,2505,0.300432,5725,1926,0.336419
SYNTHETIC_ILLUSTRATIVE,BR-021-T03,BR-021,Branched,8999,4531,0.503500,8338,2880,0.345407,5725,1628,0.284367
SYNTHETIC_ILLUSTRATIVE,BR-021-T04,BR-021,Branched,8999,3921,0.435715,8338,3548,0.425522,5725,1776,0.310218
SYNTHETIC_ILLUSTRATIVE,BR-022-T01,BR-022,Branched,10827,4503,0.415905,8049,3273,0.406634,4134,1512,0.365747
SYNTHETIC_ILLUSTRATIVE,BR-022-T02,BR-022,Branched,10827,5541,0.511776,8049,2239,0.278171,4134,1370,0.331398
SYNTHETIC_ILLUSTRATIVE,BR-022-T03,BR-022,Branched,10827,5779,0.533758,8049,2790,0.346627,4134,1290,0.312046
SYNTHETIC_ILLUSTRATIVE,BR-022-T04,BR-022,Branched,10827,5319,0.491272,8049,2630,0.326749,4134,1477,0.357281
SYNTHETIC_ILLUSTRATIVE,BR-023-T01,BR-023,Branched,10527,5767,0.547829,6380,1787,0.280094,5441,2108,0.387429
SYNTHETIC_ILLUSTRATIVE,BR-023-T02,BR-023,Branched,10527,5154,0.489598,6380,1916,0.300313,5441,1763,0.324021
SYNTHETIC_ILLUSTRATIVE,BR-023-T03,BR-023,Branched,10527,5719,0.543270,6380,2305,0.361285,5441,1868,0.343319
SYNTHETIC_ILLUSTRATIVE,BR-023-T04,BR-023,Branched,10527,4336,0.411893,6380,2697,0.422727,5441,1466,0.269436
SYNTHETIC_ILLUSTRATIVE,BR-024-T01,BR-024,Branched,10375,4909,0.473157,9622,3630,0.377260,7822,3357,0.429174
SYNTHETIC_ILLUSTRATIVE,BR-024-T02,BR-024,Branched,10375,5183,0.499566,9622,3000,0.311785,7822,2348,0.300179
SYNTHETIC_ILLUSTRATIVE,BR-024-T03,BR-024,Branched,10375,4443,0.428241,9622,3485,0.362191,7822,2179,0.278573
SYNTHETIC_ILLUSTRATIVE,BR-024-T04,BR-024,Branched,10375,4070,0.392289,9622,2810,0.292039,7822,2347,0.300051
SYNTHETIC_ILLUSTRATIVE,BR-025-T01,BR-025,Branched,8323,3282,0.394329,6770,2884,0.425997,7981,3305,0.414109
SYNTHETIC_ILLUSTRATIVE,BR-025-T02,BR-025,Branched,8323,4128,0.495975,6770,2363,0.349040,7981,2644,0.331287
SYNTHETIC_ILLUSTRATIVE,BR-025-T03,BR-025,Branched,8323,3872,0.465217,6770,2810,0.415066,7981,3139,0.393309
SYNTHETIC_ILLUSTRATIVE,BR-025-T04,BR-025,Branched,8323,3861,0.463895,6770,2628,0.388183,7981,2856,0.357850
SYNTHETIC_ILLUSTRATIVE,BR-026-T01,BR-026,Branched,10339,5548,0.536609,9855,2854,0.289599,4618,1804,0.390645
SYNTHETIC_ILLUSTRATIVE,BR-026-T02,BR-026,Branched,10339,5189,0.501886,9855,3535,0.358701,4618,1359,0.294283
SYNTHETIC_ILLUSTRATIVE,BR-026-T03,BR-026,Branched,10339,4730,0.457491,9855,3044,0.308879,4618,1964,0.425292
SYNTHETIC_ILLUSTRATIVE,BR-026-T04,BR-026,Branched,10339,4353,0.421027,9855,3161,0.320751,4618,1634,0.353833
SYNTHETIC_ILLUSTRATIVE,BR-027-T01,BR-027,Branched,11112,4772,0.429446,9285,3124,0.336457,4793,1408,0.293762
SYNTHETIC_ILLUSTRATIVE,BR-027-T02,BR-027,Branched,11112,5442,0.489741,9285,3367,0.362628,4793,1490,0.310870
SYNTHETIC_ILLUSTRATIVE,BR-027-T03,BR-027,Branched,11112,6060,0.545356,9285,4198,0.452127,4793,1540,0.321302
SYNTHETIC_ILLUSTRATIVE,BR-027-T04,BR-027,Branched,11112,4988,0.448884,9285,3526,0.379752,4793,1581,0.329856
SYNTHETIC_ILLUSTRATIVE,BR-028-T01,BR-028,Branched,9372,3836,0.409304,9844,3707,0.376575,4705,1715,0.364506
SYNTHETIC_ILLUSTRATIVE,BR-028-T02,BR-028,Branched,9372,4539,0.484315,9844,3987,0.405018,4705,1422,0.302232
SYNTHETIC_ILLUSTRATIVE,BR-028-T03,BR-028,Branched,9372,4961,0.529343,9844,4395,0.446465,4705,1294,0.275027
SYNTHETIC_ILLUSTRATIVE,BR-028-T04,BR-028,Branched,9372,4122,0.439821,9844,4243,0.431024,4705,1793,0.381084
SYNTHETIC_ILLUSTRATIVE,BR-029-T01,BR-029,Branched,9133,3629,0.397350,6106,1667,0.273010,4542,1458,0.321004
SYNTHETIC_ILLUSTRATIVE,BR-029-T02,BR-029,Branched,9133,4623,0.506186,6106,2539,0.415821,4542,1676,0.369000
SYNTHETIC_ILLUSTRATIVE,BR-029-T03,BR-029,Branched,9133,3930,0.430308,6106,2733,0.447593,4542,1810,0.398503
SYNTHETIC_ILLUSTRATIVE,BR-029-T04,BR-029,Branched,9133,3744,0.409942,6106,2596,0.425156,4542,1742,0.383531
SYNTHETIC_ILLUSTRATIVE,BR-030-T01,BR-030,Branched,11844,5290,0.446640,6319,2835,0.448647,6201,1793,0.289147
SYNTHETIC_ILLUSTRATIVE,BR-030-T02,BR-030,Branched,11844,5642,0.476359,6319,1917,0.303371,6201,2513,0.405257
SYNTHETIC_ILLUSTRATIVE,BR-030-T03,BR-030,Branched,11844,5853,0.494174,6319,2555,0.404336,6201,2209,0.356233
SYNTHETIC_ILLUSTRATIVE,BR-030-T04,BR-030,Branched,11844,5244,0.442756,6319,1969,0.311600,6201,2511,0.404935
SYNTHETIC_ILLUSTRATIVE,BR-031-T01,BR-031,Branched,9184,4206,0.457970,6118,2332,0.381170,6400,1929,0.301406
SYNTHETIC_ILLUSTRATIVE,BR-031-T02,BR-031,Branched,9184,3988,0.434233,6118,2215,0.362046,6400,1928,0.301250
SYNTHETIC_ILLUSTRATIVE,BR-031-T03,BR-031,Branched,9184,3883,0.422801,6118,2137,0.349297,6400,1855,0.289844
SYNTHETIC_ILLUSTRATIVE,BR-031-T04,BR-031,Branched,9184,4517,0.491834,6118,1972,0.322328,6400,2617,0.408906
SYNTHETIC_ILLUSTRATIVE,BR-032-T01,BR-032,Branched,10716,4274,0.398843,8719,3460,0.396834,6064,1619,0.266985
SYNTHETIC_ILLUSTRATIVE,BR-032-T02,BR-032,Branched,10716,4846,0.452221,8719,2475,0.283863,6064,2617,0.431563
SYNTHETIC_ILLUSTRATIVE,BR-032-T03,BR-032,Branched,10716,4305,0.401736,8719,3194,0.366326,6064,2118,0.349274
SYNTHETIC_ILLUSTRATIVE,BR-032-T04,BR-032,Branched,10716,4402,0.410788,8719,3211,0.368276,6064,1848,0.304749
SYNTHETIC_ILLUSTRATIVE,BR-033-T01,BR-033,Branched,11853,6036,0.509238,6608,1779,0.269219,5478,1629,0.297371
SYNTHETIC_ILLUSTRATIVE,BR-033-T02,BR-033,Branched,11853,5460,0.460643,6608,2219,0.335805,5478,2192,0.400146
SYNTHETIC_ILLUSTRATIVE,BR-033-T03,BR-033,Branched,11853,5860,0.494390,6608,1908,0.288741,5478,1840,0.335889
SYNTHETIC_ILLUSTRATIVE,BR-033-T04,BR-033,Branched,11853,4839,0.408251,6608,2678,0.405266,5478,1453,0.265243
SYNTHETIC_ILLUSTRATIVE,BR-034-T01,BR-034,Branched,10934,5721,0.523230,9090,3940,0.433443,4204,1583,0.376546
SYNTHETIC_ILLUSTRATIVE,BR-034-T02,BR-034,Branched,10934,5303,0.485001,9090,3975,0.437294,4204,1460,0.347288
SYNTHETIC_ILLUSTRATIVE,BR-034-T03,BR-034,Branched,10934,4732,0.432778,9090,4063,0.446975,4204,1438,0.342055
SYNTHETIC_ILLUSTRATIVE,BR-034-T04,BR-034,Branched,10934,4993,0.456649,9090,2567,0.282398,4204,1283,0.305186
SYNTHETIC_ILLUSTRATIVE,BR-035-T01,BR-035,Branched,8725,4253,0.487450,7674,2657,0.346234,4391,1639,0.373263
SYNTHETIC_ILLUSTRATIVE,BR-035-T02,BR-035,Branched,8725,3639,0.417077,7674,2291,0.298541,4391,1186,0.270098
SYNTHETIC_ILLUSTRATIVE,BR-035-T03,BR-035,Branched,8725,4280,0.490544,7674,3448,0.449309,4391,1453,0.330904
SYNTHETIC_ILLUSTRATIVE,BR-035-T04,BR-035,Branched,8725,3621,0.415014,7674,3487,0.454391,4391,1382,0.314735
SYNTHETIC_ILLUSTRATIVE,BR-036-T01,BR-036,Branched,9426,4747,0.503607,8567,2865,0.334423,6374,1898,0.297772
SYNTHETIC_ILLUSTRATIVE,BR-036-T02,BR-036,Branched,9426,5001,0.530554,8567,3559,0.415431,6374,1770,0.277691
SYNTHETIC_ILLUSTRATIVE,BR-036-T03,BR-036,Branched,9426,4440,0.471038,8567,2757,0.321816,6374,2594,0.406966
SYNTHETIC_ILLUSTRATIVE,BR-036-T04,BR-036,Branched,9426,3906,0.414386,8567,3632,0.423952,6374,1740,0.272984
SYNTHETIC_ILLUSTRATIVE,BR-037-T01,BR-037,Branched,11334,5988,0.528322,7167,2434,0.339612,4110,1758,0.427737
SYNTHETIC_ILLUSTRATIVE,BR-037-T02,BR-037,Branched,11334,5118,0.451562,7167,3219,0.449142,4110,1768,0.430170
SYNTHETIC_ILLUSTRATIVE,BR-037-T03,BR-037,Branched,11334,4590,0.404976,7167,2465,0.343937,4110,1246,0.303163
SYNTHETIC_ILLUSTRATIVE,BR-037-T04,BR-037,Branched,11334,4674,0.412388,7167,1954,0.272638,4110,1118,0.272019
SYNTHETIC_ILLUSTRATIVE,BR-038-T01,BR-038,Branched,10446,4117,0.394122,9908,2759,0.278462,6228,2515,0.403821
SYNTHETIC_ILLUSTRATIVE,BR-038-T02,BR-038,Branched,10446,4586,0.439020,9908,3310,0.334073,6228,1948,0.312781
SYNTHETIC_ILLUSTRATIVE,BR-038-T03,BR-038,Branched,10446,4670,0.447061,9908,4031,0.406843,6228,1915,0.307482
SYNTHETIC_ILLUSTRATIVE,BR-038-T04,BR-038,Branched,10446,5500,0.526517,9908,3287,0.331752,6228,2217,0.355973
SYNTHETIC_ILLUSTRATIVE,BR-039-T01,BR-039,Branched,10279,5620,0.546746,7003,2234,0.319006,6071,2508,0.413112
SYNTHETIC_ILLUSTRATIVE,BR-039-T02,BR-039,Branched,10279,5617,0.546454,7003,2337,0.333714,6071,2122,0.349531
SYNTHETIC_ILLUSTRATIVE,BR-039-T03,BR-039,Branched,10279,4213,0.409865,7003,2784,0.397544,6071,1738,0.286279
SYNTHETIC_ILLUSTRATIVE,BR-039-T04,BR-039,Branched,10279,4805,0.467458,7003,2595,0.370555,6071,1623,0.267337
SYNTHETIC_ILLUSTRATIVE,BR-040-T01,BR-040,Branched,10890,4674,0.429201,6099,1,0.000164,4957,2055,0.414565
SYNTHETIC_ILLUSTRATIVE,BR-040-T02,BR-040,Branched,10890,5911,0.542792,6099,1,0.000164,4957,2157,0.435142
SYNTHETIC_ILLUSTRATIVE,BR-040-T03,BR-040,Branched,10890,5495,0.504591,6099,1,0.000164,4957,1627,0.328223
SYNTHETIC_ILLUSTRATIVE,BR-041-T01,BR-041,Branched,8105,4279,0.527946,8646,3286,0.380060,6807,2550,0.374614
SYNTHETIC_ILLUSTRATIVE,BR-041-T02,BR-041,Branched,8105,4329,0.534115,8646,3343,0.386653,6807,2262,0.332305
SYNTHETIC_ILLUSTRATIVE,BR-041-T03,BR-041,Branched,8105,4449,0.548920,8646,2646,0.306037,6807,2830,0.415748
SYNTHETIC_ILLUSTRATIVE,BR-042-T01,BR-042,Branched,10111,4615,0.456434,9682,3915,0.404359,6322,2097,0.331699
SYNTHETIC_ILLUSTRATIVE,BR-042-T02,BR-042,Branched,10111,4390,0.434181,9682,3558,0.367486,6322,2709,0.428504
SYNTHETIC_ILLUSTRATIVE,BR-042-T03,BR-042,Branched,10111,5101,0.504500,9682,3055,0.315534,6322,1979,0.313034
SYNTHETIC_ILLUSTRATIVE,BR-043-T01,BR-043,Branched,8732,4596,0.526340,7654,2020,0.263914,6768,1885,0.278517
SYNTHETIC_ILLUSTRATIVE,BR-043-T02,BR-043,Branched,8732,3905,0.447206,7654,2047,0.267442,6768,2422,0.357861
SYNTHETIC_ILLUSTRATIVE,BR-043-T03,BR-043,Branched,8732,4264,0.488319,7654,2595,0.339038,6768,2759,0.407654
SYNTHETIC_ILLUSTRATIVE,BR-044-T01,BR-044,Branched,8940,4395,0.491611,9660,3651,0.377950,4893,1853,0.378704
SYNTHETIC_ILLUSTRATIVE,BR-044-T02,BR-044,Branched,8940,4371,0.488926,9660,3548,0.367288,4893,2007,0.410178
SYNTHETIC_ILLUSTRATIVE,BR-044-T03,BR-044,Branched,8940,3777,0.422483,9660,4312,0.446377,4893,1377,0.281422
SYNTHETIC_ILLUSTRATIVE,BR-045-T01,BR-045,Branched,8854,4118,0.465101,9951,2573,0.258567,4568,1360,0.297723
SYNTHETIC_ILLUSTRATIVE,BR-045-T02,BR-045,Branched,8854,4378,0.494466,9951,3293,0.330922,4568,1240,0.271454
SYNTHETIC_ILLUSTRATIVE,BR-045-T03,BR-045,Branched,8854,4687,0.529365,9951,4151,0.417144,4568,1901,0.416156
SYNTHETIC_ILLUSTRATIVE,BR-046-T01,BR-046,Branched,8701,3791,0.435697,9167,4127,0.450202,5710,1925,0.337128
SYNTHETIC_ILLUSTRATIVE,BR-046-T02,BR-046,Branched,8701,3821,0.439145,9167,2668,0.291044,5710,2081,0.364448
SYNTHETIC_ILLUSTRATIVE,BR-046-T03,BR-046,Branched,8701,4469,0.513619,9167,3677,0.401113,5710,1711,0.299650
SYNTHETIC_ILLUSTRATIVE,BR-047-T01,BR-047,Branched,8208,4028,0.490741,8261,2976,0.360247,5379,2101,0.390593
SYNTHETIC_ILLUSTRATIVE,BR-047-T02,BR-047,Branched,8208,3672,0.447368,8261,2492,0.301658,5379,1412,0.262502
SYNTHETIC_ILLUSTRATIVE,BR-047-T03,BR-047,Branched,8208,3744,0.456140,8261,3383,0.409515,5379,1507,0.280164
SYNTHETIC_ILLUSTRATIVE,BR-048-T01,BR-048,Branched,10613,5440,0.512579,9422,3245,0.344407,6405,2327,0.363310
SYNTHETIC_ILLUSTRATIVE,BR-048-T02,BR-048,Branched,10613,4183,0.394139,9422,3555,0.377308,6405,2109,0.329274
SYNTHETIC_ILLUSTRATIVE,BR-048-T03,BR-048,Branched,10613,4585,0.432017,9422,2855,0.303014,6405,2371,0.370180
SYNTHETIC_ILLUSTRATIVE,BR-049-T01,BR-049,Branched,10672,4868,0.456147,6846,2608,0.380952,5495,1924,0.350136
SYNTHETIC_ILLUSTRATIVE,BR-049-T02,BR-049,Branched,10672,4815,0.451181,6846,2889,0.421998,5495,1536,0.279527
SYNTHETIC_ILLUSTRATIVE,BR-049-T03,BR-049,Branched,10672,4631,0.433939,6846,2820,0.411919,5495,1746,0.317743
SYNTHETIC_ILLUSTRATIVE,BR-050-T01,BR-050,Branched,11755,5069,0.431221,9415,3092,0.328412,6350,1694,0.266772
SYNTHETIC_ILLUSTRATIVE,BR-050-T02,BR-050,Branched,11755,4913,0.417950,9415,3070,0.326075,6350,2434,0.383307
SYNTHETIC_ILLUSTRATIVE,BR-050-T03,BR-050,Branched,11755,4762,0.405104,9415,2966,0.315029,6350,2307,0.363307
SYNTHETIC_ILLUSTRATIVE,BR-051-T01,BR-051,Branched,10838,4391,0.405149,7533,2418,0.320988,5251,1547,0.294611
SYNTHETIC_ILLUSTRATIVE,BR-051-T02,BR-051,Branched,10838,4935,0.455342,7533,3216,0.426922,5251,1686,0.321082
SYNTHETIC_ILLUSTRATIVE,BR-051-T03,BR-051,Branched,10838,5013,0.462539,7533,3387,0.449622,5251,1954,0.372120
SYNTHETIC_ILLUSTRATIVE,BR-052-T01,BR-052,Branched,11196,4511,0.402912,9073,3817,0.420699,6174,2227,0.360706
SYNTHETIC_ILLUSTRATIVE,BR-052-T02,BR-052,Branched,11196,5944,0.530904,9073,2668,0.294059,6174,1766,0.286038
SYNTHETIC_ILLUSTRATIVE,BR-052-T03,BR-052,Branched,11196,4871,0.435066,9073,3889,0.428634,6174,2128,0.344671
SYNTHETIC_ILLUSTRATIVE,BR-053-T01,BR-053,Branched,10119,4337,0.428600,6367,2467,0.387467,4284,1585,0.369981
SYNTHETIC_ILLUSTRATIVE,BR-053-T02,BR-053,Branched,10119,5353,0.529005,6367,2644,0.415266,4284,1257,0.293417
SYNTHETIC_ILLUSTRATIVE,BR-053-T03,BR-053,Branched,10119,3990,0.394308,6367,2429,0.381498,4284,1624,0.379085
SYNTHETIC_ILLUSTRATIVE,BR-054-T01,BR-054,Branched,8250,3646,0.441939,7771,3324,0.427744,6680,2413,0.361228
SYNTHETIC_ILLUSTRATIVE,BR-054-T02,BR-054,Branched,8250,3779,0.458061,7771,2908,0.374212,6680,2059,0.308234
SYNTHETIC_ILLUSTRATIVE,BR-054-T03,BR-054,Branched,8250,4440,0.538182,7771,2376,0.305752,6680,2241,0.335479
SYNTHETIC_ILLUSTRATIVE,BR-055-T01,BR-055,Branched,8289,3726,0.449511,6358,2687,0.422617,5449,1422,0.260965
SYNTHETIC_ILLUSTRATIVE,BR-055-T02,BR-055,Branched,8289,4040,0.487393,6358,2237,0.351840,5449,1959,0.359516
SYNTHETIC_ILLUSTRATIVE,BR-055-T03,BR-055,Branched,8289,3316,0.400048,6358,2161,0.339887,5449,1488,0.273078
SYNTHETIC_ILLUSTRATIVE,BR-056-T01,BR-056,Branched,8622,3468,0.402227,9376,3884,0.414249,6055,2345,0.387283
SYNTHETIC_ILLUSTRATIVE,BR-056-T02,BR-056,Branched,8622,3606,0.418232,9376,3264,0.348123,6055,1676,0.276796
SYNTHETIC_ILLUSTRATIVE,BR-056-T03,BR-056,Branched,8622,4154,0.481791,9376,3926,0.418729,6055,2169,0.358216
SYNTHETIC_ILLUSTRATIVE,BR-057-T01,BR-057,Branched,8498,4522,0.532125,7061,2427,0.343719,5439,1854,0.340871
SYNTHETIC_ILLUSTRATIVE,BR-057-T02,BR-057,Branched,8498,3918,0.461050,7061,2976,0.421470,5439,1547,0.284427
SYNTHETIC_ILLUSTRATIVE,BR-057-T03,BR-057,Branched,8498,4361,0.513180,7061,2135,0.302365,5439,1559,0.286634
SYNTHETIC_ILLUSTRATIVE,BR-058-T01,BR-058,Branched,11023,5813,0.527352,6199,1658,0.267462,4735,1861,0.393031
SYNTHETIC_ILLUSTRATIVE,BR-058-T02,BR-058,Branched,11023,4794,0.434909,6199,1868,0.301339,4735,2030,0.428722
SYNTHETIC_ILLUSTRATIVE,BR-058-T03,BR-058,Branched,11023,5751,0.521727,6199,2706,0.436522,4735,1453,0.306864
SYNTHETIC_ILLUSTRATIVE,BR-059-T01,BR-059,Branched,9033,4419,0.489206,8431,3755,0.445380,7640,3012,0.394241
SYNTHETIC_ILLUSTRATIVE,BR-059-T02,BR-059,Branched,9033,3947,0.436953,8431,3491,0.414067,7640,2176,0.284817
SYNTHETIC_ILLUSTRATIVE,BR-059-T03,BR-059,Branched,9033,3599,0.398428,8431,3620,0.429368,7640,2233,0.292277
SYNTHETIC_ILLUSTRATIVE,BR-060-T01,BR-060,Branched,10513,4400,0.418529,7569,3106,0.410358,4336,1147,0.264530
SYNTHETIC_ILLUSTRATIVE,BR-060-T02,BR-060,Branched,10513,5307,0.504804,7569,2976,0.393183,4336,1141,0.263146
SYNTHETIC_ILLUSTRATIVE,BR-060-T03,BR-060,Branched,10513,4926,0.468563,7569,2760,0.364645,4336,1444,0.333026
SYNTHETIC_ILLUSTRATIVE,BR-061-T01,BR-061,Branched,10305,4776,0.463464,8632,3668,0.424930,6698,2355,0.351597
SYNTHETIC_ILLUSTRATIVE,BR-061-T02,BR-061,Branched,10305,4580,0.444444,8632,2738,0.317192,6698,1821,0.271872
SYNTHETIC_ILLUSTRATIVE,BR-061-T03,BR-061,Branched,10305,4340,0.421155,8632,2490,0.288462,6698,1855,0.276948
SYNTHETIC_ILLUSTRATIVE,BR-062-T01,BR-062,Branched,8718,4355,0.499541,7246,2420,0.333977,7080,2747,0.387994
SYNTHETIC_ILLUSTRATIVE,BR-062-T02,BR-062,Branched,8718,4690,0.537967,7246,3280,0.452664,7080,2132,0.301130
SYNTHETIC_ILLUSTRATIVE,BR-062-T03,BR-062,Branched,8718,4776,0.547832,7246,1860,0.256693,7080,2768,0.390960
SYNTHETIC_ILLUSTRATIVE,BR-063-T01,BR-063,Branched,9198,4921,0.535008,7739,2291,0.296033,5774,2499,0.432802
SYNTHETIC_ILLUSTRATIVE,BR-063-T02,BR-063,Branched,9198,4752,0.516634,7739,2531,0.327045,5774,1512,0.261864
SYNTHETIC_ILLUSTRATIVE,BR-063-T03,BR-063,Branched,9198,4728,0.514025,7739,3447,0.445406,5774,1582,0.273987
SYNTHETIC_ILLUSTRATIVE,BR-064-T01,BR-064,Branched,9784,4503,0.460241,7098,1939,0.273176,6591,2437,0.369747
SYNTHETIC_ILLUSTRATIVE,BR-064-T02,BR-064,Branched,9784,4934,0.504293,7098,2764,0.389405,6591,2325,0.352754
SYNTHETIC_ILLUSTRATIVE,BR-064-T03,BR-064,Branched,9784,5090,0.520237,7098,2724,0.383770,6591,2106,0.319527
SYNTHETIC_ILLUSTRATIVE,BR-065-T01,BR-065,Branched,10933,4981,0.455593,7224,3221,0.445875,5544,2247,0.405303
SYNTHETIC_ILLUSTRATIVE,BR-065-T02,BR-065,Branched,10933,4483,0.410043,7224,3082,0.426633,5544,2239,0.403860
SYNTHETIC_ILLUSTRATIVE,BR-065-T03,BR-065,Branched,10933,4679,0.427970,7224,2175,0.301080,5544,1955,0.352633
SYNTHETIC_ILLUSTRATIVE,BR-066-T01,BR-066,Branched,8977,3576,0.398351,7683,2318,0.301705,5476,2114,0.386048
SYNTHETIC_ILLUSTRATIVE,BR-066-T02,BR-066,Branched,8977,4339,0.483346,7683,2051,0.266953,5476,1540,0.281227
SYNTHETIC_ILLUSTRATIVE,BR-066-T03,BR-066,Branched,8977,3556,0.396123,7683,2143,0.278928,5476,1535,0.280314
SYNTHETIC_ILLUSTRATIVE,BR-067-T01,BR-067,Branched,11279,5188,0.459970,8968,3250,0.362400,6027,2404,0.398872
SYNTHETIC_ILLUSTRATIVE,BR-067-T02,BR-067,Branched,11279,6042,0.535686,8968,3363,0.375000,6027,2429,0.403020
SYNTHETIC_ILLUSTRATIVE,BR-067-T03,BR-067,Branched,11279,4526,0.401277,8968,3138,0.349911,6027,2158,0.358055
SYNTHETIC_ILLUSTRATIVE,BR-068-T01,BR-068,Branched,8241,3222,0.390972,8257,3405,0.412377,6662,2131,0.319874
SYNTHETIC_ILLUSTRATIVE,BR-068-T02,BR-068,Branched,8241,3813,0.462687,8257,3533,0.427879,6662,2528,0.379466
SYNTHETIC_ILLUSTRATIVE,BR-068-T03,BR-068,Branched,8241,3388,0.411115,8257,2377,0.287877,6662,2639,0.396127
SYNTHETIC_ILLUSTRATIVE,BR-069-T01,BR-069,Branched,11753,5786,0.492300,8432,3797,0.450308,4168,1203,0.288628
SYNTHETIC_ILLUSTRATIVE,BR-069-T02,BR-069,Branched,11753,4642,0.394963,8432,2993,0.354957,4168,1093,0.262236
SYNTHETIC_ILLUSTRATIVE,BR-069-T03,BR-069,Branched,11753,6300,0.536033,8432,3723,0.441532,4168,1673,0.401392
SYNTHETIC_ILLUSTRATIVE,BR-070-T01,BR-070,Branched,11344,4939,0.435384,9407,3621,0.384926,5638,1716,0.304363
SYNTHETIC_ILLUSTRATIVE,BR-070-T02,BR-070,Branched,11344,4422,0.389810,9407,3525,0.374721,5638,2281,0.404576
SYNTHETIC_ILLUSTRATIVE,BR-070-T03,BR-070,Branched,11344,5899,0.520011,9407,3319,0.352822,5638,1700,0.301525
SYNTHETIC_ILLUSTRATIVE,BR-071-T01,BR-071,Branched,9544,4916,0.515088,9679,3594,0.371319,5878,2512,0.427356
SYNTHETIC_ILLUSTRATIVE,BR-071-T02,BR-071,Branched,9544,5153,0.539920,9679,4146,0.428350,5878,2284,0.388568
SYNTHETIC_ILLUSTRATIVE,BR-071-T03,BR-071,Branched,9544,5001,0.523994,9679,3684,0.380618,5878,2325,0.395543
SYNTHETIC_ILLUSTRATIVE,BR-072-T01,BR-072,Branched,9137,3731,0.408340,9857,3661,0.371411,7054,2487,0.352566
SYNTHETIC_ILLUSTRATIVE,BR-072-T02,BR-072,Branched,9137,4322,0.473022,9857,4296,0.435832,7054,3032,0.429827
SYNTHETIC_ILLUSTRATIVE,BR-072-T03,BR-072,Branched,9137,4101,0.448834,9857,3413,0.346251,7054,2776,0.393536
SYNTHETIC_ILLUSTRATIVE,BR-073-T01,BR-073,Branched,10439,4595,0.440176,9675,3124,0.322894,7682,3322,0.432439
SYNTHETIC_ILLUSTRATIVE,BR-073-T02,BR-073,Branched,10439,5055,0.484242,9675,2709,0.280000,7682,2725,0.354725
SYNTHETIC_ILLUSTRATIVE,BR-073-T03,BR-073,Branched,10439,4177,0.400134,9675,3079,0.318243,7682,3244,0.422286
SYNTHETIC_ILLUSTRATIVE,BR-074-T01,BR-074,Branched,11597,5210,0.449254,9225,2441,0.264607,5821,1964,0.337399
SYNTHETIC_ILLUSTRATIVE,BR-074-T02,BR-074,Branched,11597,5906,0.509270,9225,2750,0.298103,5821,1597,0.274351
SYNTHETIC_ILLUSTRATIVE,BR-074-T03,BR-074,Branched,11597,5711,0.492455,9225,2546,0.275989,5821,1668,0.286549
SYNTHETIC_ILLUSTRATIVE,BR-075-T01,BR-075,Branched,11473,4949,0.431361,7994,3321,0.415437,5621,1716,0.305284
SYNTHETIC_ILLUSTRATIVE,BR-075-T02,BR-075,Branched,11473,5079,0.442692,7994,3123,0.390668,5621,1827,0.325031
SYNTHETIC_ILLUSTRATIVE,BR-075-T03,BR-075,Branched,11473,5045,0.439728,7994,3006,0.376032,5621,2071,0.368440
SYNTHETIC_ILLUSTRATIVE,BR-076-T01,BR-076,Branched,10111,5462,0.540204,8285,3706,0.447314,4104,1061,0.258528
SYNTHETIC_ILLUSTRATIVE,BR-076-T02,BR-076,Branched,10111,4116,0.407081,8285,3051,0.368256,4104,1469,0.357943
SYNTHETIC_ILLUSTRATIVE,BR-076-T03,BR-076,Branched,10111,4388,0.433983,8285,3561,0.429813,4104,1343,0.327242
SYNTHETIC_ILLUSTRATIVE,BR-077-T01,BR-077,Branched,9776,4696,0.480360,6185,1616,0.261277,4310,1742,0.404176
SYNTHETIC_ILLUSTRATIVE,BR-077-T02,BR-077,Branched,9776,4007,0.409881,6185,2233,0.361035,4310,1253,0.290719
SYNTHETIC_ILLUSTRATIVE,BR-077-T03,BR-077,Branched,9776,4869,0.498056,6185,2164,0.349879,4310,1767,0.409977
SYNTHETIC_ILLUSTRATIVE,BR-078-T01,BR-078,Branched,9130,4698,0.514567,9317,2945,0.316089,7703,2232,0.289757
SYNTHETIC_ILLUSTRATIVE,BR-078-T02,BR-078,Branched,9130,3624,0.396933,9317,3344,0.358914,7703,2839,0.368558
SYNTHETIC_ILLUSTRATIVE,BR-078-T03,BR-078,Branched,9130,4563,0.499781,9317,3322,0.356553,7703,2410,0.312865
SYNTHETIC_ILLUSTRATIVE,BR-079-T01,BR-079,Branched,9493,4440,0.467713,8764,3789,0.432337,5150,1955,0.379612
SYNTHETIC_ILLUSTRATIVE,BR-079-T02,BR-079,Branched,9493,5089,0.536079,8764,2924,0.333638,5150,2019,0.392039
SYNTHETIC_ILLUSTRATIVE,BR-079-T03,BR-079,Branched,9493,3920,0.412936,8764,2559,0.291990,5150,2025,0.393204
SYNTHETIC_ILLUSTRATIVE,BR-080-T01,BR-080,Branched,10934,5348,0.489117,8318,3577,0.430031,7639,2629,0.344155
SYNTHETIC_ILLUSTRATIVE,BR-080-T02,BR-080,Branched,10934,4368,0.399488,8318,2572,0.309209,7639,2067,0.270585
SYNTHETIC_ILLUSTRATIVE,BR-080-T03,BR-080,Branched,10934,4663,0.426468,8318,2832,0.340466,7639,2610,0.341668
SYNTHETIC_ILLUSTRATIVE,BR-081-T01,BR-081,Branched,11709,5459,0.466223,6999,2170,0.310044,4120,1333,0.323544
SYNTHETIC_ILLUSTRATIVE,BR-081-T02,BR-081,Branched,11709,6308,0.538731,6999,2731,0.390199,4120,1117,0.271117
SYNTHETIC_ILLUSTRATIVE,BR-081-T03,BR-081,Branched,11709,6189,0.528568,6999,2884,0.412059,4120,1281,0.310922
SYNTHETIC_ILLUSTRATIVE,BR-082-T01,BR-082,Branched,11910,5130,0.430730,9619,2692,0.279863,4680,1257,0.268590
SYNTHETIC_ILLUSTRATIVE,BR-082-T02,BR-082,Branched,11910,4780,0.401343,9619,3073,0.319472,4680,1267,0.270726
SYNTHETIC_ILLUSTRATIVE,BR-082-T03,BR-082,Branched,11910,6017,0.505206,9619,4179,0.434453,4680,1658,0.354274
SYNTHETIC_ILLUSTRATIVE,BR-083-T01,BR-083,Branched,9964,3905,0.391911,9994,3615,0.361717,5063,1895,0.374284
SYNTHETIC_ILLUSTRATIVE,BR-083-T02,BR-083,Branched,9964,4288,0.430349,9994,4238,0.424054,5063,1817,0.358878
SYNTHETIC_ILLUSTRATIVE,BR-083-T03,BR-083,Branched,9964,4483,0.449920,9994,3750,0.375225,5063,1518,0.299822
SYNTHETIC_ILLUSTRATIVE,BR-084-T01,BR-084,Branched,10499,4796,0.456805,9613,3742,0.389265,6640,2134,0.321386
SYNTHETIC_ILLUSTRATIVE,BR-084-T02,BR-084,Branched,10499,5505,0.524336,9613,3925,0.408301,6640,2242,0.337651
SYNTHETIC_ILLUSTRATIVE,BR-084-T03,BR-084,Branched,10499,4856,0.462520,9613,4178,0.434620,6640,2775,0.417922
SYNTHETIC_ILLUSTRATIVE,BR-085-T01,BR-085,Branched,10385,4699,0.452480,9849,3184,0.323282,6498,2416,0.371807
SYNTHETIC_ILLUSTRATIVE,BR-085-T02,BR-085,Branched,10385,5007,0.482138,9849,3505,0.355874,6498,1732,0.266544
SYNTHETIC_ILLUSTRATIVE,BR-085-T03,BR-085,Branched,10385,5586,0.537891,9849,3878,0.393746,6498,2625,0.403970
SYNTHETIC_ILLUSTRATIVE,BR-086-T01,BR-086,Branched,10364,5304,0.511772,9290,3232,0.347901,5909,2010,0.340159
SYNTHETIC_ILLUSTRATIVE,BR-086-T02,BR-086,Branched,10364,5506,0.531262,9290,3321,0.357481,5909,2241,0.379252
SYNTHETIC_ILLUSTRATIVE,BR-086-T03,BR-086,Branched,10364,5482,0.528946,9290,3296,0.354790,5909,1741,0.294635
SYNTHETIC_ILLUSTRATIVE,BR-087-T01,BR-087,Branched,9102,3769,0.414085,6350,2685,0.422835,6277,2580,0.411024
SYNTHETIC_ILLUSTRATIVE,BR-087-T02,BR-087,Branched,9102,4032,0.442980,6350,2515,0.396063,6277,2560,0.407838
SYNTHETIC_ILLUSTRATIVE,BR-087-T03,BR-087,Branched,9102,4915,0.539991,6350,1838,0.289449,6277,2430,0.387128
SYNTHETIC_ILLUSTRATIVE,BR-088-T01,BR-088,Branched,8059,6447,0.799975,8177,3613,0.441849,7682,2207,0.287295
SYNTHETIC_ILLUSTRATIVE,BR-088-T02,BR-088,Branched,8059,3977,0.493486,8177,3481,0.425706,7682,3100,0.403541
SYNTHETIC_ILLUSTRATIVE,BR-088-T03,BR-088,Branched,8059,4242,0.526368,8177,3096,0.378623,7682,2679,0.348737
SYNTHETIC_ILLUSTRATIVE,BR-089-T01,BR-089,Branched,11471,5455,0.475547,7312,3308,0.452407,6503,1771,0.272336
SYNTHETIC_ILLUSTRATIVE,BR-089-T02,BR-089,Branched,11471,5820,0.507366,7312,2690,0.367888,6503,2493,0.383362
SYNTHETIC_ILLUSTRATIVE,BR-089-T03,BR-089,Branched,11471,5779,0.503792,7312,2552,0.349015,6503,2750,0.422882
SYNTHETIC_ILLUSTRATIVE,BR-090-T01,BR-090,Branched,9029,4308,0.477129,7474,2510,0.335831,6359,2104,0.330870
SYNTHETIC_ILLUSTRATIVE,BR-090-T02,BR-090,Branched,9029,4152,0.459852,7474,2984,0.399251,6359,1872,0.294386
SYNTHETIC_ILLUSTRATIVE,BR-090-T03,BR-090,Branched,9029,3937,0.436039,7474,2806,0.375435,6359,2674,0.420506
SYNTHETIC_ILLUSTRATIVE,BR-091-T01,BR-091,Branched,11154,4826,0.432670,7496,2187,0.291756,7717,2174,0.281716
SYNTHETIC_ILLUSTRATIVE,BR-091-T02,BR-091,Branched,11154,5398,0.483952,7496,2081,0.277615,7717,2109,0.273293
SYNTHETIC_ILLUSTRATIVE,BR-091-T03,BR-091,Branched,11154,5819,0.521696,7496,2919,0.389408,7717,2083,0.269924
SYNTHETIC_ILLUSTRATIVE,BR-092-T01,BR-092,Branched,11540,6245,0.541161,7340,3247,0.442371,5713,2352,0.411693
SYNTHETIC_ILLUSTRATIVE,BR-092-T02,BR-092,Branched,11540,6280,0.544194,7340,2689,0.366349,5713,1724,0.301768
SYNTHETIC_ILLUSTRATIVE,BR-092-T03,BR-092,Branched,11540,5358,0.464298,7340,2240,0.305177,5713,1651,0.288990
SYNTHETIC_ILLUSTRATIVE,BR-093-T01,BR-093,Branched,11757,6086,0.517649,6152,2572,0.418075,5499,1778,0.323332
SYNTHETIC_ILLUSTRATIVE,BR-093-T02,BR-093,Branched,11757,5156,0.438547,6152,1955,0.317783,5499,1780,0.323695
SYNTHETIC_ILLUSTRATIVE,BR-093-T03,BR-093,Branched,11757,5116,0.435145,6152,2709,0.440345,5499,1690,0.307329
SYNTHETIC_ILLUSTRATIVE,BR-094-T01,BR-094,Branched,11211,5980,0.533405,7950,3278,0.412327,7386,2496,0.337937
SYNTHETIC_ILLUSTRATIVE,BR-094-T02,BR-094,Branched,11211,5972,0.532691,7950,2242,0.282013,7386,2278,0.308421
SYNTHETIC_ILLUSTRATIVE,BR-094-T03,BR-094,Branched,11211,6023,0.537240,7950,2744,0.345157,7386,2750,0.372326
SYNTHETIC_ILLUSTRATIVE,BR-095-T01,BR-095,Branched,10282,4501,0.437755,7996,2217,0.277264,6005,2540,0.422981
SYNTHETIC_ILLUSTRATIVE,BR-095-T02,BR-095,Branched,10282,5518,0.536666,7996,2498,0.312406,6005,1855,0.308909
SYNTHETIC_ILLUSTRATIVE,BR-095-T03,BR-095,Branched,10282,4226,0.411010,7996,2305,0.288269,6005,2200,0.366361
SYNTHETIC_ILLUSTRATIVE,BR-096-T01,BR-096,Branched,10145,5255,0.517989,6450,1769,0.274264,6895,1908,0.276722
SYNTHETIC_ILLUSTRATIVE,BR-096-T02,BR-096,Branched,10145,4833,0.476392,6450,2595,0.402326,6895,2406,0.348949
SYNTHETIC_ILLUSTRATIVE,BR-096-T03,BR-096,Branched,10145,5522,0.544308,6450,2243,0.347752,6895,2295,0.332850
SYNTHETIC_ILLUSTRATIVE,BR-097-T01,BR-097,Branched,11935,4818,0.403687,7327,2070,0.282517,4273,1553,0.363445
SYNTHETIC_ILLUSTRATIVE,BR-097-T02,BR-097,Branched,11935,6273,0.525597,7327,2036,0.277876,4273,1854,0.433887
SYNTHETIC_ILLUSTRATIVE,BR-097-T03,BR-097,Branched,11935,5264,0.441056,7327,2553,0.348437,4273,1256,0.293939
SYNTHETIC_ILLUSTRATIVE,BR-098-T01,BR-098,Branched,8715,3951,0.453356,7797,3135,0.402078,6298,2540,0.403303
SYNTHETIC_ILLUSTRATIVE,BR-098-T02,BR-098,Branched,8715,4611,0.529088,7797,2675,0.343081,6298,2614,0.415052
SYNTHETIC_ILLUSTRATIVE,BR-098-T03,BR-098,Branched,8715,3945,0.452668,7797,2466,0.316275,6298,1794,0.284852
SYNTHETIC_ILLUSTRATIVE,BR-099-T01,BR-099,Branched,8951,3937,0.439839,9002,2894,0.321484,4848,2027,0.418111
SYNTHETIC_ILLUSTRATIVE,BR-099-T02,BR-099,Branched,8951,4379,0.489219,9002,3016,0.335037,4848,1716,0.353960
SYNTHETIC_ILLUSTRATIVE,BR-099-T03,BR-099,Branched,8951,4108,0.458943,9002,3228,0.358587,4848,1680,0.346535
SYNTHETIC_ILLUSTRATIVE,BR-100-T01,BR-100,Branched,8372,3451,0.412207,8382,2845,0.339418,4467,1896,0.424446
SYNTHETIC_ILLUSTRATIVE,BR-100-T02,BR-100,Branched,8372,4110,0.490922,8382,2979,0.355404,4467,1241,0.277815
SYNTHETIC_ILLUSTRATIVE,BR-100-T03,BR-100,Branched,8372,3279,0.391663,8382,2598,0.309950,4467,1306,0.292366
SYNTHETIC_ILLUSTRATIVE,SQ-001-T01,SQ-001,Sequential,11993,11993,1.000000,8543,8543,1.000000,4115,4115,1.000000
SYNTHETIC_ILLUSTRATIVE,SQ-001-T02,SQ-001,Sequential,11993,11494,0.958392,8543,8543,1.000000,4115,4115,1.000000
SYNTHETIC_ILLUSTRATIVE,SQ-001-T03,SQ-001,Sequential,11993,11496,0.958559,8543,8543,1.000000,4115,4115,1.000000
SYNTHETIC_ILLUSTRATIVE,SQ-002-T01,SQ-002,Sequential,11839,11322,0.956331,7835,7835,1.000000,5155,5155,1.000000
SYNTHETIC_ILLUSTRATIVE,SQ-002-T02,SQ-002,Sequential,11839,11839,1.000000,7835,7835,1.000000,5155,5155,1.000000
SYNTHETIC_ILLUSTRATIVE,SQ-002-T03,SQ-002,Sequential,11839,11839,1.000000,7835,7835,1.000000,5155,5155,1.000000
SYNTHETIC_ILLUSTRATIVE,SQ-003-T01,SQ-003,Sequential,10507,10507,1.000000,8078,8078,1.000000,7712,7712,1.000000
SYNTHETIC_ILLUSTRATIVE,SQ-003-T02,SQ-003,Sequential,10507,10507,1.000000,8078,8078,1.000000,7712,7712,1.000000
SYNTHETIC_ILLUSTRATIVE,SQ-003-T03,SQ-003,Sequential,10507,10507,1.000000,8078,8078,1.000000,7712,7712,1.000000
SYNTHETIC_ILLUSTRATIVE,SQ-004-T01,SQ-004,Sequential,9237,9237,1.000000,6255,6255,1.000000,6527,6527,1.000000
SYNTHETIC_ILLUSTRATIVE,SQ-004-T02,SQ-004,Sequential,9237,9237,1.000000,6255,6255,1.000000,6527,6527,1.000000
SYNTHETIC_ILLUSTRATIVE,SQ-004-T03,SQ-004,Sequential,9237,9237,1.000000,6255,6255,1.000000,6527,6527,1.000000
SYNTHETIC_ILLUSTRATIVE,SQ-005-T01,SQ-005,Sequential,11995,11783,0.982326,7769,7769,1.000000,7981,7981,1.000000
SYNTHETIC_ILLUSTRATIVE,SQ-005-T02,SQ-005,Sequential,11995,11995,1.000000,7769,7769,1.000000,7981,7976,0.999374
SYNTHETIC_ILLUSTRATIVE,SQ-005-T03,SQ-005,Sequential,11995,11995,1.000000,7769,7769,1.000000,7981,7981,1.000000
SYNTHETIC_ILLUSTRATIVE,SQ-006-T01,SQ-006,Sequential,8647,8647,1.000000,8963,8963,1.000000,4822,4822,1.000000
SYNTHETIC_ILLUSTRATIVE,SQ-006-T02,SQ-006,Sequential,8647,8647,1.000000,8963,8963,1.000000,4822,4822,1.000000
SYNTHETIC_ILLUSTRATIVE,SQ-006-T03,SQ-006,Sequential,8647,8647,1.000000,8963,8963,1.000000,4822,4822,1.000000
SYNTHETIC_ILLUSTRATIVE,SQ-007-T01,SQ-007,Sequential,8278,8278,1.000000,7341,7341,1.000000,4103,4103,1.000000
SYNTHETIC_ILLUSTRATIVE,SQ-007-T02,SQ-007,Sequential,8278,8278,1.000000,7341,7341,1.000000,4103,4103,1.000000
SYNTHETIC_ILLUSTRATIVE,SQ-007-T03,SQ-007,Sequential,8278,8278,1.000000,7341,7341,1.000000,4103,4103,1.000000
SYNTHETIC_ILLUSTRATIVE,SQ-008-T01,SQ-008,Sequential,8322,8322,1.000000,6869,6869,1.000000,7818,7818,1.000000
SYNTHETIC_ILLUSTRATIVE,SQ-008-T02,SQ-008,Sequential,8322,8322,1.000000,6869,6869,1.000000,7818,7818,1.000000
SYNTHETIC_ILLUSTRATIVE,SQ-008-T03,SQ-008,Sequential,8322,8322,1.000000,6869,6869,1.000000,7818,7818,1.000000
SYNTHETIC_ILLUSTRATIVE,SQ-009-T01,SQ-009,Sequential,9809,9809,1.000000,8505,8505,1.000000,6851,6851,1.000000
SYNTHETIC_ILLUSTRATIVE,SQ-009-T02,SQ-009,Sequential,9809,9809,1.000000,8505,8505,1.000000,6851,6851,1.000000
SYNTHETIC_ILLUSTRATIVE,SQ-009-T03,SQ-009,Sequential,9809,9809,1.000000,8505,8505,1.000000,6851,6851,1.000000
SYNTHETIC_ILLUSTRATIVE,SQ-010-T01,SQ-010,Sequential,11795,10899,0.924036,6674,6674,1.000000,7925,7925,1.000000
SYNTHETIC_ILLUSTRATIVE,SQ-010-T02,SQ-010,Sequential,11795,11795,1.000000,6674,6674,1.000000,7925,7925,1.000000
SYNTHETIC_ILLUSTRATIVE,SQ-010-T03,SQ-010,Sequential,11795,11709,0.992709,6674,6674,1.000000,7925,7925,1.000000
SYNTHETIC_ILLUSTRATIVE,SQ-011-T01,SQ-011,Sequential,11750,11515,0.980000,6924,6924,1.000000,5892,5892,1.000000
SYNTHETIC_ILLUSTRATIVE,SQ-011-T02,SQ-011,Sequential,11750,10904,0.928000,6924,6924,1.000000,5892,5892,1.000000
SYNTHETIC_ILLUSTRATIVE,SQ-011-T03,SQ-011,Sequential,11750,11453,0.974723,6924,6924,1.000000,5892,5892,1.000000
SYNTHETIC_ILLUSTRATIVE,SQ-012-T01,SQ-012,Sequential,11184,10962,0.980150,8376,8376,1.000000,5770,5770,1.000000
SYNTHETIC_ILLUSTRATIVE,SQ-012-T02,SQ-012,Sequential,11184,11184,1.000000,8376,8376,1.000000,5770,5770,1.000000
SYNTHETIC_ILLUSTRATIVE,SQ-013-T01,SQ-013,Sequential,10853,10853,1.000000,8770,8770,1.000000,4744,4744,1.000000
SYNTHETIC_ILLUSTRATIVE,SQ-013-T02,SQ-013,Sequential,10853,10188,0.938727,8770,8770,1.000000,4744,4744,1.000000
SYNTHETIC_ILLUSTRATIVE,SQ-014-T01,SQ-014,Sequential,8006,8006,1.000000,9567,9567,1.000000,6838,6838,1.000000
SYNTHETIC_ILLUSTRATIVE,SQ-014-T02,SQ-014,Sequential,8006,8006,1.000000,9567,9567,1.000000,6838,6838,1.000000
SYNTHETIC_ILLUSTRATIVE,SQ-015-T01,SQ-015,Sequential,10321,10321,1.000000,6480,6480,1.000000,5151,5151,1.000000
SYNTHETIC_ILLUSTRATIVE,SQ-015-T02,SQ-015,Sequential,10321,10321,1.000000,6480,6480,1.000000,5151,5151,1.000000
SYNTHETIC_ILLUSTRATIVE,SQ-016-T01,SQ-016,Sequential,11191,11024,0.985077,8690,8690,1.000000,7282,7282,1.000000
SYNTHETIC_ILLUSTRATIVE,SQ-016-T02,SQ-016,Sequential,11191,11191,1.000000,8690,8690,1.000000,7282,7282,1.000000
SYNTHETIC_ILLUSTRATIVE,SQ-017-T01,SQ-017,Sequential,8108,8108,1.000000,9148,9148,1.000000,6404,6404,1.000000
SYNTHETIC_ILLUSTRATIVE,SQ-017-T02,SQ-017,Sequential,8108,8108,1.000000,9148,9148,1.000000,6404,6404,1.000000
SYNTHETIC_ILLUSTRATIVE,SQ-018-T01,SQ-018,Sequential,8274,8274,1.000000,6896,6896,1.000000,4669,4669,1.000000
SYNTHETIC_ILLUSTRATIVE,SQ-018-T02,SQ-018,Sequential,8274,8274,1.000000,6896,6896,1.000000,4669,4669,1.000000
SYNTHETIC_ILLUSTRATIVE,SQ-019-T01,SQ-019,Sequential,9656,9656,1.000000,9015,9015,1.000000,4316,4316,1.000000
SYNTHETIC_ILLUSTRATIVE,SQ-019-T02,SQ-019,Sequential,9656,9656,1.000000,9015,9015,1.000000,4316,4316,1.000000
SYNTHETIC_ILLUSTRATIVE,SQ-020-T01,SQ-020,Sequential,9206,9206,1.000000,7940,7940,1.000000,7638,7638,1.000000
SYNTHETIC_ILLUSTRATIVE,SQ-020-T02,SQ-020,Sequential,9206,9206,1.000000,7940,7940,1.000000,7638,7638,1.000000
SYNTHETIC_ILLUSTRATIVE,SQ-021-T01,SQ-021,Sequential,8554,8554,1.000000,7923,7923,1.000000,5869,5869,1.000000
SYNTHETIC_ILLUSTRATIVE,SQ-021-T02,SQ-021,Sequential,8554,8554,1.000000,7923,7923,1.000000,5869,5869,1.000000
SYNTHETIC_ILLUSTRATIVE,SQ-022-T01,SQ-022,Sequential,8328,8328,1.000000,6333,6333,1.000000,6077,6077,1.000000
SYNTHETIC_ILLUSTRATIVE,SQ-022-T02,SQ-022,Sequential,8328,8328,1.000000,6333,6333,1.000000,6077,6077,1.000000
SYNTHETIC_ILLUSTRATIVE,SQ-023-T01,SQ-023,Sequential,8963,8963,1.000000,8804,8804,1.000000,5198,5198,1.000000
SYNTHETIC_ILLUSTRATIVE,SQ-023-T02,SQ-023,Sequential,8963,8963,1.000000,8804,8804,1.000000,5198,5198,1.000000
SYNTHETIC_ILLUSTRATIVE,SQ-024-T01,SQ-024,Sequential,10997,10058,0.914613,7485,7485,1.000000,4663,4663,1.000000
SYNTHETIC_ILLUSTRATIVE,SQ-024-T02,SQ-024,Sequential,10997,10877,0.989088,7485,7485,1.000000,4663,4663,1.000000
SYNTHETIC_ILLUSTRATIVE,SQ-025-T01,SQ-025,Sequential,11182,11182,1.000000,9851,9851,1.000000,7442,7442,1.000000
SYNTHETIC_ILLUSTRATIVE,SQ-025-T02,SQ-025,Sequential,11182,11182,1.000000,9851,9851,1.000000,7442,7442,1.000000
SYNTHETIC_ILLUSTRATIVE,SQ-026-T01,SQ-026,Sequential,8857,8857,1.000000,6524,6524,1.000000,7489,7489,1.000000
SYNTHETIC_ILLUSTRATIVE,SQ-026-T02,SQ-026,Sequential,8857,8857,1.000000,6524,6524,1.000000,7489,7489,1.000000
SYNTHETIC_ILLUSTRATIVE,SQ-027-T01,SQ-027,Sequential,10451,10451,1.000000,7959,7959,1.000000,6071,6071,1.000000
SYNTHETIC_ILLUSTRATIVE,SQ-027-T02,SQ-027,Sequential,10451,10451,1.000000,7959,7959,1.000000,6071,6071,1.000000
SYNTHETIC_ILLUSTRATIVE,SQ-028-T01,SQ-028,Sequential,10227,10227,1.000000,9340,9340,1.000000,6315,6315,1.000000
SYNTHETIC_ILLUSTRATIVE,SQ-028-T02,SQ-028,Sequential,10227,10227,1.000000,9340,9340,1.000000,6315,6315,1.000000
SYNTHETIC_ILLUSTRATIVE,SQ-029-T01,SQ-029,Sequential,9171,9171,1.000000,9209,9209,1.000000,4649,4649,1.000000
SYNTHETIC_ILLUSTRATIVE,SQ-029-T02,SQ-029,Sequential,9171,9171,1.000000,9209,9209,1.000000,4649,4649,1.000000
SYNTHETIC_ILLUSTRATIVE,SQ-030-T01,SQ-030,Sequential,11965,11965,1.000000,9524,9524,1.000000,6782,6782,1.000000
SYNTHETIC_ILLUSTRATIVE,SQ-030-T02,SQ-030,Sequential,11965,11765,0.983285,9524,9524,1.000000,6782,6782,1.000000
SYNTHETIC_ILLUSTRATIVE,SQ-031-T01,SQ-031,Sequential,9522,9522,1.000000,8749,8749,1.000000,6942,6942,1.000000
SYNTHETIC_ILLUSTRATIVE,SQ-031-T02,SQ-031,Sequential,9522,9522,1.000000,8749,8749,1.000000,6942,6942,1.000000
SYNTHETIC_ILLUSTRATIVE,SQ-032-T01,SQ-032,Sequential,10322,10322,1.000000,9843,9843,1.000000,4671,4671,1.000000
SYNTHETIC_ILLUSTRATIVE,SQ-032-T02,SQ-032,Sequential,10322,10322,1.000000,9843,9843,1.000000,4671,4671,1.000000
SYNTHETIC_ILLUSTRATIVE,SQ-033-T01,SQ-033,Sequential,8544,8544,1.000000,9662,9662,1.000000,4619,4619,1.000000
SYNTHETIC_ILLUSTRATIVE,SQ-033-T02,SQ-033,Sequential,8544,8544,1.000000,9662,9662,1.000000,4619,4619,1.000000
SYNTHETIC_ILLUSTRATIVE,SQ-034-T01,SQ-034,Sequential,10842,10842,1.000000,6467,6467,1.000000,5001,5001,1.000000
SYNTHETIC_ILLUSTRATIVE,SQ-034-T02,SQ-034,Sequential,10842,10363,0.955820,6467,6467,1.000000,5001,5001,1.000000
SYNTHETIC_ILLUSTRATIVE,SQ-035-T01,SQ-035,Sequential,11049,11020,0.997375,7515,7515,1.000000,4092,4092,1.000000
SYNTHETIC_ILLUSTRATIVE,SQ-035-T02,SQ-035,Sequential,11049,11049,1.000000,7515,7515,1.000000,4092,4092,1.000000
SYNTHETIC_ILLUSTRATIVE,SQ-036-T01,SQ-036,Sequential,9784,9784,1.000000,6181,6181,1.000000,5893,5893,1.000000
SYNTHETIC_ILLUSTRATIVE,SQ-036-T02,SQ-036,Sequential,9784,9784,1.000000,6181,6181,1.000000,5893,5893,1.000000
SYNTHETIC_ILLUSTRATIVE,SQ-037-T01,SQ-037,Sequential,11903,11903,1.000000,7946,7946,1.000000,4416,4416,1.000000
SYNTHETIC_ILLUSTRATIVE,SQ-037-T02,SQ-037,Sequential,11903,10947,0.919684,7946,7946,1.000000,4416,4416,1.000000
SYNTHETIC_ILLUSTRATIVE,SQ-038-T01,SQ-038,Sequential,8509,8509,1.000000,9704,9704,1.000000,5644,5644,1.000000
SYNTHETIC_ILLUSTRATIVE,SQ-038-T02,SQ-038,Sequential,8509,8509,1.000000,9704,9704,1.000000,5644,5644,1.000000
SYNTHETIC_ILLUSTRATIVE,SQ-039-T01,SQ-039,Sequential,8295,8295,1.000000,6662,6662,1.000000,5278,5278,1.000000
SYNTHETIC_ILLUSTRATIVE,SQ-039-T02,SQ-039,Sequential,8295,8295,1.000000,6662,6662,1.000000,5278,5278,1.000000
SYNTHETIC_ILLUSTRATIVE,SQ-040-T01,SQ-040,Sequential,9324,9324,1.000000,7846,7846,1.000000,5751,5751,1.000000
SYNTHETIC_ILLUSTRATIVE,SQ-040-T02,SQ-040,Sequential,9324,9324,1.000000,7846,7846,1.000000,5751,5751,1.000000
SYNTHETIC_ILLUSTRATIVE,SQ-041-T01,SQ-041,Sequential,8625,8625,1.000000,8870,8870,1.000000,7750,7750,1.000000
SYNTHETIC_ILLUSTRATIVE,SQ-041-T02,SQ-041,Sequential,8625,8625,1.000000,8870,8870,1.000000,7750,7750,1.000000
SYNTHETIC_ILLUSTRATIVE,SQ-042-T01,SQ-042,Sequential,11352,10653,0.938425,7924,7924,1.000000,7866,7866,1.000000
SYNTHETIC_ILLUSTRATIVE,SQ-042-T02,SQ-042,Sequential,11352,10777,0.949348,7924,7924,1.000000,7866,7866,1.000000
SYNTHETIC_ILLUSTRATIVE,SQ-043-T01,SQ-043,Sequential,11019,11019,1.000000,9823,9823,1.000000,4831,4831,1.000000
SYNTHETIC_ILLUSTRATIVE,SQ-043-T02,SQ-043,Sequential,11019,11019,1.000000,9823,9823,1.000000,4831,4831,1.000000
SYNTHETIC_ILLUSTRATIVE,SQ-044-T01,SQ-044,Sequential,8221,8221,1.000000,9938,9938,1.000000,5336,5336,1.000000
SYNTHETIC_ILLUSTRATIVE,SQ-044-T02,SQ-044,Sequential,8221,8221,1.000000,9938,9932,0.999396,5336,5336,1.000000
SYNTHETIC_ILLUSTRATIVE,SQ-045-T01,SQ-045,Sequential,9807,9807,1.000000,7192,7192,1.000000,4562,4562,1.000000
SYNTHETIC_ILLUSTRATIVE,SQ-045-T02,SQ-045,Sequential,9807,9807,1.000000,7192,7192,1.000000,4562,4562,1.000000
SYNTHETIC_ILLUSTRATIVE,SQ-046-T01,SQ-046,Sequential,9975,9975,1.000000,8558,8558,1.000000,7556,7556,1.000000
SYNTHETIC_ILLUSTRATIVE,SQ-046-T02,SQ-046,Sequential,9975,9975,1.000000,8558,8558,1.000000,7556,7556,1.000000
SYNTHETIC_ILLUSTRATIVE,SQ-047-T01,SQ-047,Sequential,9218,9218,1.000000,6242,6242,1.000000,4911,4911,1.000000
SYNTHETIC_ILLUSTRATIVE,SQ-047-T02,SQ-047,Sequential,9218,9218,1.000000,6242,6242,1.000000,4911,4911,1.000000
SYNTHETIC_ILLUSTRATIVE,SQ-048-T01,SQ-048,Sequential,9050,9050,1.000000,7998,7998,1.000000,4057,4057,1.000000
SYNTHETIC_ILLUSTRATIVE,SQ-048-T02,SQ-048,Sequential,9050,9050,1.000000,7998,7998,1.000000,4057,4057,1.000000
SYNTHETIC_ILLUSTRATIVE,SQ-049-T01,SQ-049,Sequential,10667,10667,1.000000,9456,9456,1.000000,7085,7085,1.000000
SYNTHETIC_ILLUSTRATIVE,SQ-049-T02,SQ-049,Sequential,10667,10667,1.000000,9456,9456,1.000000,7085,7085,1.000000
SYNTHETIC_ILLUSTRATIVE,SQ-050-T01,SQ-050,Sequential,10316,10316,1.000000,6943,6943,1.000000,5491,5491,1.000000
SYNTHETIC_ILLUSTRATIVE,SQ-050-T02,SQ-050,Sequential,10316,10316,1.000000,6943,6943,1.000000,5491,5491,1.000000
SYNTHETIC_ILLUSTRATIVE,SQ-051-T01,SQ-051,Sequential,10654,10654,1.000000,6472,6472,1.000000,5897,5897,1.000000
SYNTHETIC_ILLUSTRATIVE,SQ-051-T02,SQ-051,Sequential,10654,10654,1.000000,6472,6472,1.000000,5897,5897,1.000000
SYNTHETIC_ILLUSTRATIVE,SQ-052-T01,SQ-052,Sequential,9000,9000,1.000000,6283,6283,1.000000,6415,6415,1.000000
SYNTHETIC_ILLUSTRATIVE,SQ-052-T02,SQ-052,Sequential,9000,9000,1.000000,6283,6283,1.000000,6415,6415,1.000000
SYNTHETIC_ILLUSTRATIVE,SQ-053-T01,SQ-053,Sequential,11479,10903,0.949821,8720,8720,1.000000,4217,4217,1.000000
SYNTHETIC_ILLUSTRATIVE,SQ-053-T02,SQ-053,Sequential,11479,11479,1.000000,8720,8720,1.000000,4217,4217,1.000000
SYNTHETIC_ILLUSTRATIVE,SQ-054-T01,SQ-054,Sequential,10761,10761,1.000000,6972,6972,1.000000,5107,5107,1.000000
SYNTHETIC_ILLUSTRATIVE,SQ-054-T02,SQ-054,Sequential,10761,10761,1.000000,6972,6972,1.000000,5107,5107,1.000000
SYNTHETIC_ILLUSTRATIVE,SQ-055-T01,SQ-055,Sequential,9547,9547,1.000000,7326,7326,1.000000,7077,7077,1.000000
SYNTHETIC_ILLUSTRATIVE,SQ-055-T02,SQ-055,Sequential,9547,9547,1.000000,7326,7326,1.000000,7077,7077,1.000000
SYNTHETIC_ILLUSTRATIVE,SQ-056-T01,SQ-056,Sequential,9844,9844,1.000000,7391,7391,1.000000,7637,7637,1.000000
SYNTHETIC_ILLUSTRATIVE,SQ-056-T02,SQ-056,Sequential,9844,9844,1.000000,7391,7391,1.000000,7637,7637,1.000000
SYNTHETIC_ILLUSTRATIVE,SQ-057-T01,SQ-057,Sequential,10094,10094,1.000000,8851,8851,1.000000,7008,7008,1.000000
SYNTHETIC_ILLUSTRATIVE,SQ-057-T02,SQ-057,Sequential,10094,10094,1.000000,8851,8851,1.000000,7008,7008,1.000000
SYNTHETIC_ILLUSTRATIVE,SQ-058-T01,SQ-058,Sequential,8954,8954,1.000000,9819,9819,1.000000,7882,7882,1.000000
SYNTHETIC_ILLUSTRATIVE,SQ-058-T02,SQ-058,Sequential,8954,8954,1.000000,9819,9819,1.000000,7882,7882,1.000000
SYNTHETIC_ILLUSTRATIVE,SQ-059-T01,SQ-059,Sequential,11761,11224,0.954341,8151,8151,1.000000,6857,6857,1.000000
SYNTHETIC_ILLUSTRATIVE,SQ-059-T02,SQ-059,Sequential,11761,10932,0.929513,8151,8151,1.000000,6857,6857,1.000000
SYNTHETIC_ILLUSTRATIVE,SQ-060-T01,SQ-060,Sequential,9603,9603,1.000000,9216,9216,1.000000,6552,6552,1.000000
SYNTHETIC_ILLUSTRATIVE,SQ-060-T02,SQ-060,Sequential,9603,9603,1.000000,9216,9216,1.000000,6552,6552,1.000000
SYNTHETIC_ILLUSTRATIVE,SQ-061-T01,SQ-061,Sequential,10675,10675,1.000000,6276,6276,1.000000,6127,6127,1.000000
SYNTHETIC_ILLUSTRATIVE,SQ-061-T02,SQ-061,Sequential,10675,10675,1.000000,6276,6276,1.000000,6127,6127,1.000000
SYNTHETIC_ILLUSTRATIVE,SQ-062-T01,SQ-062,Sequential,8844,8844,1.000000,7499,7499,1.000000,7837,7837,1.000000
SYNTHETIC_ILLUSTRATIVE,SQ-062-T02,SQ-062,Sequential,8844,8844,1.000000,7499,7499,1.000000,7837,7837,1.000000
SYNTHETIC_ILLUSTRATIVE,SQ-063-T01,SQ-063,Sequential,9329,9329,1.000000,8854,8854,1.000000,6863,6863,1.000000
SYNTHETIC_ILLUSTRATIVE,SQ-063-T02,SQ-063,Sequential,9329,9329,1.000000,8854,8854,1.000000,6863,6863,1.000000
SYNTHETIC_ILLUSTRATIVE,SL-001-T01,SL-001,Single-path-Loop,9739,7348,0.754492,8919,4509,0.505550,4154,2876,0.692345
SYNTHETIC_ILLUSTRATIVE,SL-001-T02,SL-001,Single-path-Loop,9739,6949,0.713523,8919,5747,0.644355,4154,3175,0.764324
SYNTHETIC_ILLUSTRATIVE,SL-001-T03,SL-001,Single-path-Loop,9739,7399,0.759729,8919,5905,0.662070,4154,2854,0.687049
SYNTHETIC_ILLUSTRATIVE,SL-002-T01,SL-002,Single-path-Loop,11661,8921,0.765029,8549,4641,0.542871,6126,4498,0.734247
SYNTHETIC_ILLUSTRATIVE,SL-002-T02,SL-002,Single-path-Loop,11661,8150,0.698911,8549,4815,0.563224,6126,4460,0.728044
SYNTHETIC_ILLUSTRATIVE,SL-002-T03,SL-002,Single-path-Loop,11661,7831,0.671555,8549,4897,0.572816,6126,4397,0.717760
SYNTHETIC_ILLUSTRATIVE,SL-003-T01,SL-003,Single-path-Loop,10933,8153,0.745724,8144,4207,0.516577,7366,5389,0.731605
SYNTHETIC_ILLUSTRATIVE,SL-003-T02,SL-003,Single-path-Loop,10933,8697,0.795482,8144,5523,0.678168,7366,5040,0.684225
SYNTHETIC_ILLUSTRATIVE,SL-003-T03,SL-003,Single-path-Loop,10933,7293,0.667063,8144,5331,0.654592,7366,5038,0.683953
SYNTHETIC_ILLUSTRATIVE,SL-004-T01,SL-004,Single-path-Loop,10303,7532,0.731049,7853,4901,0.624093,4113,3113,0.756868
SYNTHETIC_ILLUSTRATIVE,SL-004-T02,SL-004,Single-path-Loop,10303,7793,0.756382,7853,4996,0.636190,4113,3045,0.740336
SYNTHETIC_ILLUSTRATIVE,SL-004-T03,SL-004,Single-path-Loop,10303,7535,0.731340,7853,4708,0.599516,4113,3038,0.738634
SYNTHETIC_ILLUSTRATIVE,SL-005-T01,SL-005,Single-path-Loop,10907,8254,0.756762,6767,3627,0.535983,7414,5021,0.677232
SYNTHETIC_ILLUSTRATIVE,SL-005-T02,SL-005,Single-path-Loop,10907,7970,0.730723,6767,4275,0.631742,7414,4970,0.670353
SYNTHETIC_ILLUSTRATIVE,SL-005-T03,SL-005,Single-path-Loop,10907,7898,0.724122,6767,3737,0.552239,7414,4833,0.651875
SYNTHETIC_ILLUSTRATIVE,SL-006-T01,SL-006,Single-path-Loop,11933,8300,0.695550,9651,6634,0.687390,4255,2662,0.625617
SYNTHETIC_ILLUSTRATIVE,SL-006-T02,SL-006,Single-path-Loop,11933,8034,0.673259,9651,6127,0.634856,4255,2863,0.672855
SYNTHETIC_ILLUSTRATIVE,SL-006-T03,SL-006,Single-path-Loop,11933,7969,0.667812,9651,4974,0.515387,4255,3194,0.750646
SYNTHETIC_ILLUSTRATIVE,SL-007-T01,SL-007,Single-path-Loop,9014,7219,0.800865,6336,3486,0.550189,4164,2565,0.615994
SYNTHETIC_ILLUSTRATIVE,SL-007-T02,SL-007,Single-path-Loop,9014,6853,0.760262,6336,3965,0.625789,4164,3069,0.737032
SYNTHETIC_ILLUSTRATIVE,SL-007-T03,SL-007,Single-path-Loop,9014,6762,0.750166,6336,3972,0.626894,4164,3075,0.738473
SYNTHETIC_ILLUSTRATIVE,SL-008-T01,SL-008,Single-path-Loop,9405,6681,0.710367,7756,4827,0.622357,4039,2898,0.717504
SYNTHETIC_ILLUSTRATIVE,SL-008-T02,SL-008,Single-path-Loop,9405,6518,0.693036,7756,4601,0.593218,4039,2845,0.704382
SYNTHETIC_ILLUSTRATIVE,SL-008-T03,SL-008,Single-path-Loop,9405,6614,0.703243,7756,3948,0.509025,4039,2532,0.626888
SYNTHETIC_ILLUSTRATIVE,SL-009-T01,SL-009,Single-path-Loop,10819,8186,0.756632,7890,4717,0.597845,6189,4180,0.675392
SYNTHETIC_ILLUSTRATIVE,SL-009-T02,SL-009,Single-path-Loop,10819,7922,0.732230,7890,4733,0.599873,6189,4703,0.759897
SYNTHETIC_ILLUSTRATIVE,SL-009-T03,SL-009,Single-path-Loop,10819,7728,0.714299,7890,4238,0.537136,6189,3908,0.631443
SYNTHETIC_ILLUSTRATIVE,SL-010-T01,SL-010,Single-path-Loop,10847,7905,0.728773,6270,6270,1.000000,7711,4754,0.616522
SYNTHETIC_ILLUSTRATIVE,SL-010-T02,SL-010,Single-path-Loop,10847,7310,0.673919,6270,5620,0.896332,7711,4867,0.631176
SYNTHETIC_ILLUSTRATIVE,SL-010-T03,SL-010,Single-path-Loop,10847,7618,0.702314,6270,3548,0.565869,7711,5506,0.714045
SYNTHETIC_ILLUSTRATIVE,SL-011-T01,SL-011,Single-path-Loop,11340,8366,0.737743,6375,3601,0.564863,5778,3815,0.660263
SYNTHETIC_ILLUSTRATIVE,SL-011-T02,SL-011,Single-path-Loop,11340,8979,0.791799,6375,3957,0.620706,5778,4148,0.717895
SYNTHETIC_ILLUSTRATIVE,SL-011-T03,SL-011,Single-path-Loop,11340,8992,0.792945,6375,3295,0.516863,5778,3877,0.670993
SYNTHETIC_ILLUSTRATIVE,SL-012-T01,SL-012,Single-path-Loop,11132,8100,0.727632,9282,4744,0.511097,6738,4465,0.662660
SYNTHETIC_ILLUSTRATIVE,SL-012-T02,SL-012,Single-path-Loop,11132,7740,0.695293,9282,4848,0.522301,6738,4410,0.654497
SYNTHETIC_ILLUSTRATIVE,SL-012-T03,SL-012,Single-path-Loop,11132,8259,0.741915,9282,5161,0.556022,6738,5160,0.765806
SYNTHETIC_ILLUSTRATIVE,SL-013-T01,SL-013,Single-path-Loop,10697,7268,0.679443,7263,4209,0.579513,4483,2792,0.622797
SYNTHETIC_ILLUSTRATIVE,SL-013-T02,SL-013,Single-path-Loop,10697,7284,0.680939,7263,3646,0.501996,4483,3407,0.759982
SYNTHETIC_ILLUSTRATIVE,SL-013-T03,SL-013,Single-path-Loop,10697,7419,0.693559,7263,4113,0.566295,4483,3061,0.682802
SYNTHETIC_ILLUSTRATIVE,SL-014-T01,SL-014,Single-path-Loop,9410,6698,0.711796,7747,5142,0.663741,4771,3184,0.667365
SYNTHETIC_ILLUSTRATIVE,SL-014-T02,SL-014,Single-path-Loop,9410,6226,0.661637,7747,4407,0.568865,4771,3336,0.699224
SYNTHETIC_ILLUSTRATIVE,SL-014-T03,SL-014,Single-path-Loop,9410,7117,0.756323,7747,5301,0.684265,4771,3408,0.714316
SYNTHETIC_ILLUSTRATIVE,SL-015-T01,SL-015,Single-path-Loop,9304,7507,0.806857,9244,5157,0.557875,4779,3148,0.658715
SYNTHETIC_ILLUSTRATIVE,SL-015-T02,SL-015,Single-path-Loop,9304,6183,0.664553,9244,5595,0.605257,4779,3741,0.782800
SYNTHETIC_ILLUSTRATIVE,SL-015-T03,SL-015,Single-path-Loop,9304,7446,0.800301,9244,5914,0.639766,4779,3768,0.788449
SYNTHETIC_ILLUSTRATIVE,SL-016-T01,SL-016,Single-path-Loop,8926,6439,0.721376,8261,4731,0.572691,5399,3623,0.671050
SYNTHETIC_ILLUSTRATIVE,SL-016-T02,SL-016,Single-path-Loop,8926,6632,0.742998,8261,4696,0.568454,5399,4180,0.774217
SYNTHETIC_ILLUSTRATIVE,SL-017-T01,SL-017,Single-path-Loop,11086,7651,0.690150,9942,5893,0.592738,4393,3093,0.704075
SYNTHETIC_ILLUSTRATIVE,SL-017-T02,SL-017,Single-path-Loop,11086,8838,0.797222,9942,6135,0.617079,4393,3359,0.764626
SYNTHETIC_ILLUSTRATIVE,SL-018-T01,SL-018,Single-path-Loop,10318,6972,0.675712,8338,5246,0.629168,5973,4116,0.689101
SYNTHETIC_ILLUSTRATIVE,SL-018-T02,SL-018,Single-path-Loop,10318,7665,0.742877,8338,4758,0.570640,5973,4699,0.786707
SYNTHETIC_ILLUSTRATIVE,SL-019-T01,SL-019,Single-path-Loop,11081,7667,0.691905,9955,5725,0.575088,6972,4532,0.650029
SYNTHETIC_ILLUSTRATIVE,SL-019-T02,SL-019,Single-path-Loop,11081,8269,0.746232,9955,6298,0.632647,6972,4297,0.616322
SYNTHETIC_ILLUSTRATIVE,SL-020-T01,SL-020,Single-path-Loop,8106,7614,0.939304,8731,4642,0.531669,4892,3481,0.711570
SYNTHETIC_ILLUSTRATIVE,SL-020-T02,SL-020,Single-path-Loop,8106,6432,0.793486,8731,4859,0.556523,4892,3752,0.766966
SYNTHETIC_ILLUSTRATIVE,SL-021-T01,SL-021,Single-path-Loop,11468,9099,0.793425,8636,4984,0.577119,7589,5092,0.670971
SYNTHETIC_ILLUSTRATIVE,SL-021-T02,SL-021,Single-path-Loop,11468,9125,0.795692,8636,5381,0.623089,7589,5380,0.708921
SYNTHETIC_ILLUSTRATIVE,ML-001-T01,ML-001,Multi-path-Loop,10510,6334,0.602664,7275,4057,0.557663,5758,3470,0.602640
SYNTHETIC_ILLUSTRATIVE,ML-001-T02,ML-001,Multi-path-Loop,10510,6859,0.652617,7275,3936,0.541031,5758,3663,0.636158
SYNTHETIC_ILLUSTRATIVE,ML-001-T03,ML-001,Multi-path-Loop,10510,5297,0.503996,7275,3391,0.466117,5758,3251,0.564606
SYNTHETIC_ILLUSTRATIVE,ML-001-T04,ML-001,Multi-path-Loop,10510,6067,0.577260,7275,3136,0.431065,5758,3524,0.612018
SYNTHETIC_ILLUSTRATIVE,ML-002-T01,ML-002,Multi-path-Loop,8294,4916,0.592718,7061,2990,0.423453,6559,4177,0.636835
SYNTHETIC_ILLUSTRATIVE,ML-002-T02,ML-002,Multi-path-Loop,8294,4924,0.593682,7061,3901,0.552471,6559,3759,0.573106
SYNTHETIC_ILLUSTRATIVE,ML-002-T03,ML-002,Multi-path-Loop,8294,4699,0.566554,7061,3566,0.505028,6559,3241,0.494130
SYNTHETIC_ILLUSTRATIVE,ML-002-T04,ML-002,Multi-path-Loop,8294,4545,0.547986,7061,3677,0.520748,6559,4166,0.635158
SYNTHETIC_ILLUSTRATIVE,ML-003-T01,ML-003,Multi-path-Loop,9642,4909,0.509127,8059,4670,0.579476,5188,2554,0.492290
SYNTHETIC_ILLUSTRATIVE,ML-003-T02,ML-003,Multi-path-Loop,9642,5031,0.521780,8059,3800,0.471523,5188,2590,0.499229
SYNTHETIC_ILLUSTRATIVE,ML-003-T03,ML-003,Multi-path-Loop,9642,5277,0.547293,8059,4215,0.523018,5188,2566,0.494603
SYNTHETIC_ILLUSTRATIVE,ML-003-T04,ML-003,Multi-path-Loop,9642,5074,0.526239,8059,3334,0.413699,5188,3012,0.580571
SYNTHETIC_ILLUSTRATIVE,ML-004-T01,ML-004,Multi-path-Loop,10350,6176,0.596715,9221,4098,0.444420,5331,3239,0.607578
SYNTHETIC_ILLUSTRATIVE,ML-004-T02,ML-004,Multi-path-Loop,10350,6548,0.632657,9221,5215,0.565557,5331,2914,0.546614
SYNTHETIC_ILLUSTRATIVE,ML-004-T03,ML-004,Multi-path-Loop,10350,6548,0.632657,9221,4694,0.509055,5331,3327,0.624086
SYNTHETIC_ILLUSTRATIVE,ML-004-T04,ML-004,Multi-path-Loop,10350,6205,0.599517,9221,3972,0.430756,5331,3359,0.630088
SYNTHETIC_ILLUSTRATIVE,ML-005-T01,ML-005,Multi-path-Loop,9793,5082,0.518942,8626,3984,0.461859,5743,2732,0.475710
SYNTHETIC_ILLUSTRATIVE,ML-005-T02,ML-005,Multi-path-Loop,9793,5941,0.606658,8626,3665,0.424878,5743,3216,0.559986
SYNTHETIC_ILLUSTRATIVE,ML-005-T03,ML-005,Multi-path-Loop,9793,5962,0.608802,8626,3800,0.440529,5743,3402,0.592373
SYNTHETIC_ILLUSTRATIVE,ML-005-T04,ML-005,Multi-path-Loop,9793,6299,0.643215,8626,5007,0.580454,5743,3323,0.578617
SYNTHETIC_ILLUSTRATIVE,ML-006-T01,ML-006,Multi-path-Loop,8510,5219,0.613278,6501,3628,0.558068,4544,2923,0.643266
SYNTHETIC_ILLUSTRATIVE,ML-006-T02,ML-006,Multi-path-Loop,8510,4373,0.513866,6501,2717,0.417936,4544,2250,0.495158
SYNTHETIC_ILLUSTRATIVE,ML-006-T03,ML-006,Multi-path-Loop,8510,4564,0.536310,6501,2878,0.442701,4544,2727,0.600132
SYNTHETIC_ILLUSTRATIVE,ML-006-T04,ML-006,Multi-path-Loop,8510,4891,0.574736,6501,3391,0.521612,4544,2479,0.545555
SYNTHETIC_ILLUSTRATIVE,ML-007-T01,ML-007,Multi-path-Loop,8059,4049,0.502420,9296,3958,0.425775,7979,4709,0.590174
SYNTHETIC_ILLUSTRATIVE,ML-007-T02,ML-007,Multi-path-Loop,8059,4805,0.596228,9296,3883,0.417707,7979,4561,0.571626
SYNTHETIC_ILLUSTRATIVE,ML-007-T03,ML-007,Multi-path-Loop,8059,4903,0.608388,9296,3975,0.427603,7979,4072,0.510340
SYNTHETIC_ILLUSTRATIVE,ML-007-T04,ML-007,Multi-path-Loop,8059,4579,0.568185,9296,4960,0.533563,7979,3824,0.479258
SYNTHETIC_ILLUSTRATIVE,ML-008-T01,ML-008,Multi-path-Loop,8797,4761,0.541207,8846,4517,0.510626,5894,2785,0.472514
SYNTHETIC_ILLUSTRATIVE,ML-008-T02,ML-008,Multi-path-Loop,8797,5392,0.612936,8846,3647,0.412277,5894,2912,0.494062
SYNTHETIC_ILLUSTRATIVE,ML-008-T03,ML-008,Multi-path-Loop,8797,5325,0.605320,8846,3762,0.425277,5894,3094,0.524941
SYNTHETIC_ILLUSTRATIVE,ML-008-T04,ML-008,Multi-path-Loop,8797,5407,0.614641,8846,3897,0.440538,5894,3385,0.574313
SYNTHETIC_ILLUSTRATIVE,ML-009-T01,ML-009,Multi-path-Loop,8284,4312,0.520521,6649,3200,0.481275,6495,3059,0.470978
SYNTHETIC_ILLUSTRATIVE,ML-009-T02,ML-009,Multi-path-Loop,8284,4794,0.578706,6649,3513,0.528350,6495,3538,0.544727
SYNTHETIC_ILLUSTRATIVE,ML-009-T03,ML-009,Multi-path-Loop,8284,5031,0.607315,6649,3933,0.591518,6495,3858,0.593995
SYNTHETIC_ILLUSTRATIVE,ML-009-T04,ML-009,Multi-path-Loop,8284,5044,0.608885,6649,2963,0.445631,6495,3369,0.518707
SYNTHETIC_ILLUSTRATIVE,ML-010-T01,ML-010,Multi-path-Loop,10032,6391,0.637061,8895,4531,0.509387,5741,3058,0.532660
SYNTHETIC_ILLUSTRATIVE,ML-010-T02,ML-010,Multi-path-Loop,10032,5987,0.596790,8895,4291,0.482406,5741,2952,0.514196
SYNTHETIC_ILLUSTRATIVE,ML-010-T03,ML-010,Multi-path-Loop,10032,5116,0.509968,8895,3714,0.417538,5741,3090,0.538234
SYNTHETIC_ILLUSTRATIVE,ML-010-T04,ML-010,Multi-path-Loop,10032,6200,0.618022,8895,3908,0.439348,5741,2787,0.485455
SYNTHETIC_ILLUSTRATIVE,ML-011-T01,ML-011,Multi-path-Loop,9075,5643,0.621818,7497,4213,0.561958,7612,4514,0.593011
SYNTHETIC_ILLUSTRATIVE,ML-011-T02,ML-011,Multi-path-Loop,9075,5420,0.597245,7497,3642,0.485794,7612,3874,0.508933
SYNTHETIC_ILLUSTRATIVE,ML-011-T03,ML-011,Multi-path-Loop,9075,4761,0.524628,7497,4167,0.555822,7612,4837,0.635444
SYNTHETIC_ILLUSTRATIVE,ML-011-T04,ML-011,Multi-path-Loop,9075,4914,0.541488,7497,3909,0.521409,7612,4909,0.644903
SYNTHETIC_ILLUSTRATIVE,ML-012-T01,ML-012,Multi-path-Loop,8839,4565,0.516461,8316,4209,0.506133,4647,2353,0.506348
SYNTHETIC_ILLUSTRATIVE,ML-012-T02,ML-012,Multi-path-Loop,8839,5746,0.650074,8316,4080,0.490620,4647,2776,0.597375
SYNTHETIC_ILLUSTRATIVE,ML-012-T03,ML-012,Multi-path-Loop,8839,5429,0.614210,8316,3525,0.423882,4647,2825,0.607919
SYNTHETIC_ILLUSTRATIVE,ML-013-T01,ML-013,Multi-path-Loop,10609,6607,0.622773,9614,4453,0.463179,7445,3950,0.530557
SYNTHETIC_ILLUSTRATIVE,ML-013-T02,ML-013,Multi-path-Loop,10609,6808,0.641719,9614,5674,0.590181,7445,4709,0.632505
SYNTHETIC_ILLUSTRATIVE,ML-013-T03,ML-013,Multi-path-Loop,10609,6430,0.606089,9614,4633,0.481901,7445,4111,0.552183
SYNTHETIC_ILLUSTRATIVE,ML-014-T01,ML-014,Multi-path-Loop,10963,5857,0.534252,7357,3320,0.451271,7399,4086,0.552237
SYNTHETIC_ILLUSTRATIVE,ML-014-T02,ML-014,Multi-path-Loop,10963,5753,0.524765,7357,4027,0.547370,7399,4434,0.599270
SYNTHETIC_ILLUSTRATIVE,ML-014-T03,ML-014,Multi-path-Loop,10963,5985,0.545927,7357,4117,0.559603,7399,4666,0.630626
SYNTHETIC_ILLUSTRATIVE,ML-015-T01,ML-015,Multi-path-Loop,8898,4670,0.524837,9901,4109,0.415009,7610,3918,0.514849
SYNTHETIC_ILLUSTRATIVE,ML-015-T02,ML-015,Multi-path-Loop,8898,5248,0.589795,9901,4862,0.491062,7610,3556,0.467280
SYNTHETIC_ILLUSTRATIVE,ML-015-T03,ML-015,Multi-path-Loop,8898,4445,0.499550,9901,4208,0.425008,7610,4880,0.641261
SYNTHETIC_ILLUSTRATIVE,ML-016-T01,ML-016,Multi-path-Loop,9221,5481,0.594404,8865,4101,0.462606,4550,2558,0.562198
SYNTHETIC_ILLUSTRATIVE,ML-016-T02,ML-016,Multi-path-Loop,9221,5096,0.552652,8865,5085,0.573604,4550,2538,0.557802
SYNTHETIC_ILLUSTRATIVE,ML-016-T03,ML-016,Multi-path-Loop,9221,5639,0.611539,8865,4175,0.470953,4550,2856,0.627692
SYNTHETIC_ILLUSTRATIVE,ML-017-T01,ML-017,Multi-path-Loop,10713,6472,0.604126,9789,5001,0.510880,4468,2546,0.569830
SYNTHETIC_ILLUSTRATIVE,ML-017-T02,ML-017,Multi-path-Loop,10713,6010,0.561001,9789,3922,0.400654,4468,2569,0.574978
SYNTHETIC_ILLUSTRATIVE,ML-017-T03,ML-017,Multi-path-Loop,10713,6288,0.586950,9789,5202,0.531413,4468,2488,0.556849
SYNTHETIC_ILLUSTRATIVE,ML-018-T01,ML-018,Multi-path-Loop,10645,6639,0.623673,9213,3925,0.426028,6733,3241,0.481360
SYNTHETIC_ILLUSTRATIVE,ML-018-T02,ML-018,Multi-path-Loop,10645,6496,0.610240,9213,4887,0.530446,6733,3523,0.523244
SYNTHETIC_ILLUSTRATIVE,ML-018-T03,ML-018,Multi-path-Loop,10645,6071,0.570315,9213,4702,0.510366,6733,3841,0.570474
SYNTHETIC_ILLUSTRATIVE,ML-019-T01,ML-019,Multi-path-Loop,10856,6662,0.613670,8237,4379,0.531626,6195,3201,0.516707
SYNTHETIC_ILLUSTRATIVE,ML-019-T02,ML-019,Multi-path-Loop,10856,6501,0.598839,8237,3756,0.455991,6195,3967,0.640355
SYNTHETIC_ILLUSTRATIVE,ML-019-T03,ML-019,Multi-path-Loop,10856,5903,0.543755,8237,4097,0.497390,6195,3021,0.487651
SYNTHETIC_ILLUSTRATIVE,ML-020-T01,ML-020,Multi-path-Loop,8028,7067,0.880294,7082,3417,0.482491,7880,4496,0.570558
SYNTHETIC_ILLUSTRATIVE,ML-020-T02,ML-020,Multi-path-Loop,8028,4033,0.502367,7082,3990,0.563400,7880,4862,0.617005
SYNTHETIC_ILLUSTRATIVE,ML-020-T03,ML-020,Multi-path-Loop,8028,5118,0.637519,7082,2940,0.415137,7880,4473,0.567640
SYNTHETIC_ILLUSTRATIVE,ML-021-T01,ML-021,Multi-path-Loop,9386,5130,0.546559,6443,2789,0.432873,5915,3510,0.593407
SYNTHETIC_ILLUSTRATIVE,ML-021-T02,ML-021,Multi-path-Loop,9386,5552,0.591519,6443,2801,0.434735,5915,3334,0.563652
SYNTHETIC_ILLUSTRATIVE,ML-021-T03,ML-021,Multi-path-Loop,9386,5713,0.608672,6443,2652,0.411609,5915,3151,0.532713
SYNTHETIC_ILLUSTRATIVE,ML-022-T01,ML-022,Multi-path-Loop,8901,4668,0.524435,7531,3083,0.409375,6772,3483,0.514324
SYNTHETIC_ILLUSTRATIVE,ML-022-T02,ML-022,Multi-path-Loop,8901,4439,0.498708,7531,3759,0.499137,6772,3922,0.579149
SYNTHETIC_ILLUSTRATIVE,ML-022-T03,ML-022,Multi-path-Loop,8901,4906,0.551174,7531,3257,0.432479,6772,3790,0.559657
SYNTHETIC_ILLUSTRATIVE,ML-023-T01,ML-023,Multi-path-Loop,10677,6648,0.622647,6327,3687,0.582741,4068,26,0.006391
SYNTHETIC_ILLUSTRATIVE,ML-023-T02,ML-023,Multi-path-Loop,10677,5385,0.504355,6327,2737,0.432590,4068,2176,0.534907
SYNTHETIC_ILLUSTRATIVE,ML-023-T03,ML-023,Multi-path-Loop,10677,5751,0.538634,6327,3247,0.513197,4068,2547,0.626106
SYNTHETIC_ILLUSTRATIVE,ML-024-T01,ML-024,Multi-path-Loop,9505,4992,0.525197,8006,3312,0.413690,4299,2547,0.592463
SYNTHETIC_ILLUSTRATIVE,ML-024-T02,ML-024,Multi-path-Loop,9505,5752,0.605155,8006,4750,0.593305,4299,2248,0.522912
SYNTHETIC_ILLUSTRATIVE,ML-024-T03,ML-024,Multi-path-Loop,9505,6060,0.637559,8006,4552,0.568574,4299,2427,0.564550
SYNTHETIC_ILLUSTRATIVE,ML-025-T01,ML-025,Multi-path-Loop,9573,5166,0.539643,7138,3862,0.541048,4098,2628,0.641288
SYNTHETIC_ILLUSTRATIVE,ML-025-T02,ML-025,Multi-path-Loop,9573,5048,0.527316,7138,2923,0.409498,4098,1950,0.475842
SYNTHETIC_ILLUSTRATIVE,ML-025-T03,ML-025,Multi-path-Loop,9573,6116,0.638880,7138,3429,0.480387,4098,2404,0.586628
SYNTHETIC_ILLUSTRATIVE,ML-026-T01,ML-026,Multi-path-Loop,9714,6009,0.618592,9364,4331,0.462516,4897,2804,0.572595
SYNTHETIC_ILLUSTRATIVE,ML-026-T02,ML-026,Multi-path-Loop,9714,5285,0.544060,9364,5073,0.541756,4897,2368,0.483561
SYNTHETIC_ILLUSTRATIVE,ML-026-T03,ML-026,Multi-path-Loop,9714,5240,0.539428,9364,5233,0.558842,4897,2602,0.531346
SYNTHETIC_ILLUSTRATIVE,ML-027-T01,ML-027,Multi-path-Loop,10019,6128,0.611638,6194,6194,1.000000,6353,3294,0.518495
SYNTHETIC_ILLUSTRATIVE,ML-027-T02,ML-027,Multi-path-Loop,10019,5405,0.539475,6194,6194,1.000000,6353,4080,0.642216
SYNTHETIC_ILLUSTRATIVE,ML-027-T03,ML-027,Multi-path-Loop,10019,6342,0.632997,6194,5978,0.965128,6353,3433,0.540375
SYNTHETIC_ILLUSTRATIVE,ML-028-T01,ML-028,Multi-path-Loop,10354,5381,0.519703,6390,2860,0.447574,6800,3482,0.512059
SYNTHETIC_ILLUSTRATIVE,ML-028-T02,ML-028,Multi-path-Loop,10354,6499,0.627680,6390,3780,0.591549,6800,3865,0.568382
SYNTHETIC_ILLUSTRATIVE,ML-028-T03,ML-028,Multi-path-Loop,10354,6013,0.580742,6390,2622,0.410329,6800,4102,0.603235
SYNTHETIC_ILLUSTRATIVE,ML-029-T01,ML-029,Multi-path-Loop,8969,4881,0.544208,6974,3227,0.462719,4670,2578,0.552034
SYNTHETIC_ILLUSTRATIVE,ML-029-T02,ML-029,Multi-path-Loop,8969,4888,0.544988,6974,3222,0.462002,4670,2994,0.641113
SYNTHETIC_ILLUSTRATIVE,ML-029-T03,ML-029,Multi-path-Loop,8969,4999,0.557364,6974,3094,0.443648,4670,2230,0.477516
SYNTHETIC_ILLUSTRATIVE,ML-030-T01,ML-030,Multi-path-Loop,11022,5672,0.514607,9569,4656,0.486571,5369,2579,0.480350
SYNTHETIC_ILLUSTRATIVE,ML-030-T02,ML-030,Multi-path-Loop,11022,7068,0.641263,9569,5243,0.547915,5369,3244,0.604209
SYNTHETIC_ILLUSTRATIVE,ML-030-T03,ML-030,Multi-path-Loop,11022,6297,0.571312,9569,5169,0.540182,5369,3344,0.622835
SYNTHETIC_ILLUSTRATIVE,ML-031-T01,ML-031,Multi-path-Loop,11767,6165,0.523923,7342,2962,0.403432,6621,3153,0.476212
SYNTHETIC_ILLUSTRATIVE,ML-031-T02,ML-031,Multi-path-Loop,11767,6673,0.567094,7342,3581,0.487742,6621,4257,0.642954
SYNTHETIC_ILLUSTRATIVE,ML-031-T03,ML-031,Multi-path-Loop,11767,6816,0.579247,7342,3137,0.427268,6621,4055,0.612445
SYNTHETIC_ILLUSTRATIVE,NL-001-T01,NL-001,Nested-Loop,9776,4793,0.490282,7735,3521,0.455204,7226,2835,0.392333
SYNTHETIC_ILLUSTRATIVE,NL-001-T02,NL-001,Nested-Loop,9776,5285,0.540610,7735,3921,0.506917,7226,3032,0.419596
SYNTHETIC_ILLUSTRATIVE,NL-001-T03,NL-001,Nested-Loop,9776,4738,0.484656,7735,3637,0.470200,7226,3624,0.501522
SYNTHETIC_ILLUSTRATIVE,NL-002-T01,NL-002,Nested-Loop,9591,4215,0.439475,9224,5341,0.579033,7031,2680,0.381169
SYNTHETIC_ILLUSTRATIVE,NL-002-T02,NL-002,Nested-Loop,9591,4629,0.482640,9224,3917,0.424653,7031,3209,0.456407
SYNTHETIC_ILLUSTRATIVE,NL-002-T03,NL-002,Nested-Loop,9591,5588,0.582630,9224,4635,0.502493,7031,3003,0.427109
SYNTHETIC_ILLUSTRATIVE,NL-003-T01,NL-003,Nested-Loop,8898,4416,0.496291,6622,3406,0.514346,5253,2386,0.454217
SYNTHETIC_ILLUSTRATIVE,NL-003-T02,NL-003,Nested-Loop,8898,3981,0.447404,6622,3687,0.556780,5253,2905,0.553017
SYNTHETIC_ILLUSTRATIVE,NL-003-T03,NL-003,Nested-Loop,8898,4054,0.455608,6622,3757,0.567351,5253,2374,0.451932
SYNTHETIC_ILLUSTRATIVE,NL-004-T01,NL-004,Nested-Loop,10315,4683,0.453999,9030,5154,0.570764,5712,2956,0.517507
SYNTHETIC_ILLUSTRATIVE,NL-004-T02,NL-004,Nested-Loop,10315,5402,0.523703,9030,4588,0.508084,5712,3140,0.549720
SYNTHETIC_ILLUSTRATIVE,NL-004-T03,NL-004,Nested-Loop,10315,4558,0.441881,9030,4448,0.492580,5712,2963,0.518732
SYNTHETIC_ILLUSTRATIVE,NL-005-T01,NL-005,Nested-Loop,10802,6174,0.571561,6091,2446,0.401576,5113,2584,0.505378
SYNTHETIC_ILLUSTRATIVE,NL-005-T02,NL-005,Nested-Loop,10802,4984,0.461396,6091,2473,0.406009,5113,2533,0.495404
SYNTHETIC_ILLUSTRATIVE,NL-005-T03,NL-005,Nested-Loop,10802,5412,0.501018,6091,3051,0.500903,5113,2340,0.457657
SYNTHETIC_ILLUSTRATIVE,NL-006-T01,NL-006,Nested-Loop,8241,4734,0.574445,7001,3408,0.486788,5663,3139,0.554300
SYNTHETIC_ILLUSTRATIVE,NL-006-T02,NL-006,Nested-Loop,8241,3598,0.436598,7001,3849,0.549779,5663,2861,0.505209
SYNTHETIC_ILLUSTRATIVE,NL-006-T03,NL-006,Nested-Loop,8241,4686,0.568620,7001,2936,0.419369,5663,2731,0.482253
SYNTHETIC_ILLUSTRATIVE,NL-007-T01,NL-007,Nested-Loop,8118,8118,1.000000,6607,2978,0.450734,4300,2201,0.511860
SYNTHETIC_ILLUSTRATIVE,NL-007-T02,NL-007,Nested-Loop,8118,5792,0.713476,6607,3292,0.498259,4300,2239,0.520698
SYNTHETIC_ILLUSTRATIVE,NL-007-T03,NL-007,Nested-Loop,8118,3841,0.473146,6607,2739,0.414560,4300,1927,0.448140
SYNTHETIC_ILLUSTRATIVE,NL-008-T01,NL-008,Nested-Loop,10765,4695,0.436136,8168,3485,0.426665,7621,4177,0.548091
SYNTHETIC_ILLUSTRATIVE,NL-008-T02,NL-008,Nested-Loop,10765,5321,0.494287,8168,3570,0.437071,7621,3160,0.414644
SYNTHETIC_ILLUSTRATIVE,NL-008-T03,NL-008,Nested-Loop,10765,6160,0.572225,8168,3527,0.431807,7621,2978,0.390762
SYNTHETIC_ILLUSTRATIVE,NL-009-T01,NL-009,Nested-Loop,10895,5238,0.480771,7557,3336,0.441445,6992,2967,0.424342
SYNTHETIC_ILLUSTRATIVE,NL-009-T02,NL-009,Nested-Loop,10895,5699,0.523084,7557,3428,0.453619,6992,3033,0.433781
SYNTHETIC_ILLUSTRATIVE,NL-009-T03,NL-009,Nested-Loop,10895,6253,0.573933,7557,4127,0.546116,6992,3666,0.524314
SYNTHETIC_ILLUSTRATIVE,NL-010-T01,NL-010,Nested-Loop,8130,4654,0.572448,7000,2849,0.407000,7851,3815,0.485925
SYNTHETIC_ILLUSTRATIVE,NL-010-T02,NL-010,Nested-Loop,8130,3949,0.485732,7000,3442,0.491714,7851,4053,0.516240
SYNTHETIC_ILLUSTRATIVE,NL-010-T03,NL-010,Nested-Loop,8130,3823,0.470234,7000,2933,0.419000,7851,4385,0.558528
SYNTHETIC_ILLUSTRATIVE,NL-011-T01,NL-011,Nested-Loop,8152,3825,0.469210,9447,3928,0.415793,7826,3266,0.417327
SYNTHETIC_ILLUSTRATIVE,NL-011-T02,NL-011,Nested-Loop,8152,3670,0.450196,9447,5419,0.573621,7826,2979,0.380654
SYNTHETIC_ILLUSTRATIVE,NL-011-T03,NL-011,Nested-Loop,8152,4430,0.543425,9447,4716,0.499206,7826,4374,0.558906
SYNTHETIC_ILLUSTRATIVE,NL-012-T01,NL-012,Nested-Loop,11915,5274,0.442635,7106,3765,0.529834,5384,2877,0.534361
SYNTHETIC_ILLUSTRATIVE,NL-012-T02,NL-012,Nested-Loop,11915,6958,0.583970,7106,3504,0.493104,5384,2696,0.500743
SYNTHETIC_ILLUSTRATIVE,NL-012-T03,NL-012,Nested-Loop,11915,5990,0.502728,7106,3414,0.480439,5384,2567,0.476783
SYNTHETIC_ILLUSTRATIVE,NL-013-T01,NL-013,Nested-Loop,8364,4729,0.565399,6643,3065,0.461388,6305,3210,0.509120
SYNTHETIC_ILLUSTRATIVE,NL-013-T02,NL-013,Nested-Loop,8364,3868,0.462458,6643,3605,0.542677,6305,2793,0.442982
SYNTHETIC_ILLUSTRATIVE,NL-013-T03,NL-013,Nested-Loop,8364,4600,0.549976,6643,3901,0.587235,6305,3258,0.516733
SYNTHETIC_ILLUSTRATIVE,NL-014-T01,NL-014,Nested-Loop,8836,3973,0.449638,8891,5035,0.566303,4653,1907,0.409843
SYNTHETIC_ILLUSTRATIVE,NL-014-T02,NL-014,Nested-Loop,8836,4029,0.455976,8891,3882,0.436621,4653,1951,0.419299
SYNTHETIC_ILLUSTRATIVE,NL-014-T03,NL-014,Nested-Loop,8836,4636,0.524672,8891,3755,0.422337,4653,2129,0.457554
SYNTHETIC_ILLUSTRATIVE,NL-015-T01,NL-015,Nested-Loop,9929,5665,0.570551,6525,3802,0.582682,5959,3125,0.524417
SYNTHETIC_ILLUSTRATIVE,NL-015-T02,NL-015,Nested-Loop,9929,5512,0.555142,6525,2692,0.412567,5959,2348,0.394026
SYNTHETIC_ILLUSTRATIVE,NL-015-T03,NL-015,Nested-Loop,9929,5130,0.516668,6525,3758,0.575939,5959,2481,0.416345
SYNTHETIC_ILLUSTRATIVE,NL-016-T01,NL-016,Nested-Loop,8484,4464,0.526167,8674,4881,0.562716,5842,2694,0.461143
SYNTHETIC_ILLUSTRATIVE,NL-016-T02,NL-016,Nested-Loop,8484,4991,0.588284,8674,4201,0.484321,5842,2652,0.453954
SYNTHETIC_ILLUSTRATIVE,NL-016-T03,NL-016,Nested-Loop,8484,4029,0.474894,8674,5029,0.579779,5842,3117,0.533550
SYNTHETIC_ILLUSTRATIVE,NL-017-T01,NL-017,Nested-Loop,9088,5228,0.575264,9905,5613,0.566683,6039,2648,0.438483
SYNTHETIC_ILLUSTRATIVE,NL-017-T02,NL-017,Nested-Loop,9088,4161,0.457857,9905,4033,0.407168,6039,3123,0.517139
SYNTHETIC_ILLUSTRATIVE,NL-017-T03,NL-017,Nested-Loop,9088,4366,0.480414,9905,4043,0.408178,6039,2939,0.486670
SYNTHETIC_ILLUSTRATIVE,NL-018-T01,NL-018,Nested-Loop,11023,5255,0.476730,8778,5072,0.577808,4753,2001,0.420997
SYNTHETIC_ILLUSTRATIVE,NL-018-T02,NL-018,Nested-Loop,11023,5505,0.499410,8778,3930,0.447710,4753,2347,0.493793
SYNTHETIC_ILLUSTRATIVE,NL-018-T03,NL-018,Nested-Loop,11023,5363,0.486528,8778,3572,0.406926,4753,1867,0.392805
SYNTHETIC_ILLUSTRATIVE,NL-019-T01,NL-019,Nested-Loop,9444,5237,0.554532,8426,3419,0.405768,6236,2766,0.443554
SYNTHETIC_ILLUSTRATIVE,NL-019-T02,NL-019,Nested-Loop,9444,4812,0.509530,8426,4096,0.486114,6236,2465,0.395285
SYNTHETIC_ILLUSTRATIVE,NL-019-T03,NL-019,Nested-Loop,9444,5375,0.569144,8426,3696,0.438642,6236,2708,0.434253
SYNTHETIC_ILLUSTRATIVE,NL-020-T01,NL-020,Nested-Loop,9071,4555,0.502150,8122,3375,0.415538,5825,2653,0.455451
SYNTHETIC_ILLUSTRATIVE,NL-020-T02,NL-020,Nested-Loop,9071,5335,0.588138,8122,3542,0.436099,5825,2410,0.413734
SYNTHETIC_ILLUSTRATIVE,NL-020-T03,NL-020,Nested-Loop,9071,5113,0.563664,8122,3699,0.455430,5825,2725,0.467811
SYNTHETIC_ILLUSTRATIVE,NL-021-T01,NL-021,Nested-Loop,10547,6216,0.589362,8912,3633,0.407653,4172,12,0.002876
SYNTHETIC_ILLUSTRATIVE,NL-021-T02,NL-021,Nested-Loop,10547,5266,0.499289,8912,4258,0.477783,4172,2236,0.535954
SYNTHETIC_ILLUSTRATIVE,NL-021-T03,NL-021,Nested-Loop,10547,5282,0.500806,8912,5004,0.561490,4172,1928,0.462128
SYNTHETIC_ILLUSTRATIVE,NL-022-T01,NL-022,Nested-Loop,9294,5504,0.592210,7446,3799,0.510207,6078,2422,0.398486
SYNTHETIC_ILLUSTRATIVE,NL-022-T02,NL-022,Nested-Loop,9294,4290,0.461588,7446,3697,0.496508,6078,3132,0.515301
SYNTHETIC_ILLUSTRATIVE,NL-022-T03,NL-022,Nested-Loop,9294,4766,0.512804,7446,3957,0.531426,6078,2431,0.399967
SYNTHETIC_ILLUSTRATIVE,NL-023-T01,NL-023,Nested-Loop,9966,5247,0.526490,7911,3718,0.469979,6867,2951,0.429736
SYNTHETIC_ILLUSTRATIVE,NL-023-T02,NL-023,Nested-Loop,9966,4372,0.438692,7911,3211,0.405891,6867,3663,0.533421
SYNTHETIC_ILLUSTRATIVE,NL-023-T03,NL-023,Nested-Loop,9966,4567,0.458258,7911,3885,0.491088,6867,3257,0.474297
SYNTHETIC_ILLUSTRATIVE,NL-024-T01,NL-024,Nested-Loop,9457,5175,0.547214,6026,4216,0.699635,7823,3126,0.399591
SYNTHETIC_ILLUSTRATIVE,NL-024-T02,NL-024,Nested-Loop,9457,4444,0.469916,6026,2791,0.463160,7823,3403,0.434999
SYNTHETIC_ILLUSTRATIVE,NL-024-T03,NL-024,Nested-Loop,9457,4922,0.520461,6026,3054,0.506804,7823,3415,0.436533
SYNTHETIC_ILLUSTRATIVE,NL-025-T01,NL-025,Nested-Loop,8461,4621,0.546153,6656,3347,0.502855,4754,2095,0.440682
SYNTHETIC_ILLUSTRATIVE,NL-025-T02,NL-025,Nested-Loop,8461,3784,0.447228,6656,3375,0.507061,4754,2453,0.515987
SYNTHETIC_ILLUSTRATIVE,NL-025-T03,NL-025,Nested-Loop,8461,3876,0.458102,6656,3861,0.580078,4754,2361,0.496634
SYNTHETIC_ILLUSTRATIVE,NL-026-T01,NL-026,Nested-Loop,9404,4412,0.469162,6698,3039,0.453718,6242,3110,0.498238
SYNTHETIC_ILLUSTRATIVE,NL-026-T02,NL-026,Nested-Loop,9404,4378,0.465547,6698,3386,0.505524,6242,3068,0.491509
SYNTHETIC_ILLUSTRATIVE,NL-026-T03,NL-026,Nested-Loop,9404,5544,0.589536,6698,2846,0.424903,6242,3017,0.483339
SYNTHETIC_ILLUSTRATIVE,NL-027-T01,NL-027,Nested-Loop,10566,5887,0.557164,9669,4199,0.434274,5141,2690,0.523245
SYNTHETIC_ILLUSTRATIVE,NL-027-T02,NL-027,Nested-Loop,10566,5053,0.478232,9669,4027,0.416486,5141,2860,0.556312
SYNTHETIC_ILLUSTRATIVE,NL-027-T03,NL-027,Nested-Loop,10566,5909,0.559247,9669,4459,0.461165,5141,2870,0.558257
SYNTHETIC_ILLUSTRATIVE,NL-028-T01,NL-028,Nested-Loop,10234,4653,0.454661,8336,4043,0.485005,6394,3577,0.559431
SYNTHETIC_ILLUSTRATIVE,NL-028-T02,NL-028,Nested-Loop,10234,5464,0.533907,8336,3278,0.393234,6394,3037,0.474977
SYNTHETIC_ILLUSTRATIVE,NL-028-T03,NL-028,Nested-Loop,10234,5252,0.513191,8336,4104,0.492322,6394,2490,0.389428
SYNTHETIC_ILLUSTRATIVE,NL-029-T01,NL-029,Nested-Loop,10730,6295,0.586673,9267,4324,0.466602,5293,2048,0.386926
SYNTHETIC_ILLUSTRATIVE,NL-029-T02,NL-029,Nested-Loop,10730,5264,0.490587,9267,4131,0.445775,5293,2534,0.478746
SYNTHETIC_ILLUSTRATIVE,NL-029-T03,NL-029,Nested-Loop,10730,4718,0.439702,9267,4444,0.479551,5293,2431,0.459286
SYNTHETIC_ILLUSTRATIVE,NL-030-T01,NL-030,Nested-Loop,11984,5276,0.440254,7416,3825,0.515777,6315,2475,0.391924
SYNTHETIC_ILLUSTRATIVE,NL-030-T02,NL-030,Nested-Loop,11984,5266,0.439419,7416,4108,0.553937,6315,3190,0.505146
SYNTHETIC_ILLUSTRATIVE,NL-030-T03,NL-030,Nested-Loop,11984,5544,0.462617,7416,3973,0.535734,6315,3118,0.493745
SYNTHETIC_ILLUSTRATIVE,NL-031-T01,NL-031,Nested-Loop,9932,5705,0.574406,8072,3479,0.430996,4633,1828,0.394561
SYNTHETIC_ILLUSTRATIVE,NL-031-T02,NL-031,Nested-Loop,9932,4932,0.496577,8072,3587,0.444376,4633,2037,0.439672
SYNTHETIC_ILLUSTRATIVE,NL-031-T03,NL-031,Nested-Loop,9932,4494,0.452477,8072,4655,0.576685,4633,2431,0.524714
SYNTHETIC_ILLUSTRATIVE,NL-032-T01,NL-032,Nested-Loop,11383,5991,0.526311,6445,3421,0.530799,5169,2891,0.559296
SYNTHETIC_ILLUSTRATIVE,NL-032-T02,NL-032,Nested-Loop,11383,5414,0.475622,6445,3400,0.527541,5169,2184,0.422519
SYNTHETIC_ILLUSTRATIVE,NL-032-T03,NL-032,Nested-Loop,11383,4939,0.433893,6445,3662,0.568192,5169,2834,0.548269
SYNTHETIC_ILLUSTRATIVE,NL-033-T01,NL-033,Nested-Loop,9448,5474,0.579382,8015,3585,0.447286,5257,2846,0.541373
SYNTHETIC_ILLUSTRATIVE,NL-033-T02,NL-033,Nested-Loop,9448,4773,0.505186,8015,4426,0.552215,5257,2489,0.473464
SYNTHETIC_ILLUSTRATIVE,NL-033-T03,NL-033,Nested-Loop,9448,4205,0.445068,8015,4218,0.526263,5257,2306,0.438653
SYNTHETIC_ILLUSTRATIVE,NL-034-T01,NL-034,Nested-Loop,10508,5770,0.549105,6433,3417,0.531167,7681,4081,0.531311
SYNTHETIC_ILLUSTRATIVE,NL-034-T02,NL-034,Nested-Loop,10508,4879,0.464313,6433,3675,0.571273,7681,4205,0.547455
SYNTHETIC_ILLUSTRATIVE,NL-035-T01,NL-035,Nested-Loop,9731,4724,0.485459,8334,3484,0.418047,5394,2998,0.555803
SYNTHETIC_ILLUSTRATIVE,NL-035-T02,NL-035,Nested-Loop,9731,5436,0.558627,8334,3519,0.422246,5394,3012,0.558398
