task_id,program_id,category,original_availability,slice_availability,original_soundness,slice_soundness,original_completeness,slice_completeness,soundness_agreement,completeness_agreement,inconclusive_reason
BR-001-T01,BR-001,Branched,DEFINITE,DEFINITE,UNSOUND,UNSOUND,INCOMPLETE,INCOMPLETE,TRUE,TRUE,
BR-001-T02,BR-001,Branched,DEFINITE,DEFINITE,SOUND,SOUND,COMPLETE,COMPLETE,TRUE,TRUE,
BR-001-T03,BR-001,Branched,DEFINITE,DEFINITE,SOUND,SOUND,COMPLETE,COMPLETE,TRUE,TRUE,
BR-001-T04,BR-001,Branched,DEFINITE,DEFINITE,SOUND,SOUND,COMPLETE,COMPLETE,TRUE,TRUE,
BR-002-T01,BR-002,Branched,DEFINITE,DEFINITE,UNSOUND,UNSOUND,COMPLETE,COMPLETE,TRUE,TRUE,
BR-002-T02,BR-002,Branched,DEFINITE,DEFINITE,SOUND,SOUND,INCOMPLETE,INCOMPLETE,TRUE,TRUE,
BR-002-T03,BR-002,Branched,DEFINITE,DEFINITE,SOUND,SOUND,COMPLETE,COMPLETE,TRUE,TRUE,
BR-002-T04,BR-002,Branched,DEFINITE,DEFINITE,SOUND,SOUND,COMPLETE,COMPLETE,TRUE,TRUE,
BR-003-T01,BR-003,Branched,DEFINITE,DEFINITE,UNSOUND,UNSOUND,COMPLETE,COMPLETE,TRUE,TRUE,
BR-003-T02,BR-003,Branched,DEFINITE,DEFINITE,SOUND,SOUND,COMPLETE,COMPLETE,TRUE,TRUE,
BR-003-T03,BR-003,Branched,DEFINITE,DEFINITE,SOUND,SOUND,INCOMPLETE,INCOMPLETE,TRUE,TRUE,
BR-003-T04,BR-003,Branched,DEFINITE,DEFINITE,SOUND,SOUND,COMPLETE,COMPLETE,TRUE,TRUE,
BR-004-T01,BR-004,Branched,DEFINITE,DEFINITE,UNSOUND,UNSOUND,COMPLETE,COMPLETE,TRUE,TRUE,
BR-004-T02,BR-004,Branched,DEFINITE,DEFINITE,SOUND,SOUND,COMPLETE,COMPLETE,TRUE,TRUE,
BR-004-T03,BR-004,Branched,DEFINITE,DEFINITE,SOUND,SOUND,COMPLETE,COMPLETE,TRUE,TRUE,
BR-004-T04,BR-004,Branched,DEFINITE,DEFINITE,SOUND,SOUND,INCOMPLETE,INCOMPLETE,TRUE,TRUE,
BR-005-T01,BR-005,Branched,DEFINITE,DEFINITE,UNSOUND,UNSOUND,COMPLETE,COMPLETE,TRUE,TRUE,
BR-005-T02,BR-005,Branched,DEFINITE,DEFINITE,SOUND,SOUND,COMPLETE,COMPLETE,TRUE,TRUE,
BR-005-T03,BR-005,Branched,DEFINITE,DEFINITE,SOUND,SOUND,COMPLETE,COMPLETE,TRUE,TRUE,
BR-005-T04,BR-005,Branched,DEFINITE,DEFINITE,SOUND,SOUND,COMPLETE,COMPLETE,TRUE,TRUE,
BR-006-T01,BR-006,Branched,DEFINITE,DEFINITE,UNSOUND,UNSOUND,INCOMPLETE,INCOMPLETE,TRUE,TRUE,
BR-006-T02,BR-006,Branched,DEFINITE,DEFINITE,SOUND,SOUND,COMPLETE,COMPLETE,TRUE,TRUE,
BR-006-T03,BR-006,Branched,DEFINITE,DEFINITE,SOUND,SOUND,COMPLETE,COMPLETE,TRUE,TRUE,
BR-006-T04,BR-006,Branched,DEFINITE,DEFINITE,SOUND,SOUND,COMPLETE,COMPLETE,TRUE,TRUE,
BR-007-T01,BR-007,Branched,DEFINITE,DEFINITE,UNSOUND,UNSOUND,COMPLETE,COMPLETE,TRUE,TRUE,
BR-007-T02,BR-007,Branched,DEFINITE,DEFINITE,SOUND,SOUND,INCOMPLETE,INCOMPLETE,TRUE,TRUE,
BR-007-T03,BR-007,Branched,DEFINITE,DEFINITE,SOUND,SOUND,COMPLETE,COMPLETE,TRUE,TRUE,
BR-007-T04,BR-007,Branched,DEFINITE,DEFINITE,SOUND,SOUND,COMPLETE,COMPLETE,TRUE,TRUE,
BR-008-T01,BR-008,Branched,DEFINITE,DEFINITE,UNSOUND,UNSOUND,COMPLETE,COMPLETE,TRUE,TRUE,
BR-008-T02,BR-008,Branched,DEFINITE,DEFINITE,SOUND,SOUND,COMPLETE,COMPLETE,TRUE,TRUE,
BR-008-T03,BR-008,Branched,DEFINITE,DEFINITE,SOUND,SOUND,INCOMPLETE,INCOMPLETE,TRUE,TRUE,
BR-008-T04,BR-008,Branched,DEFINITE,DEFINITE,SOUND,SOUND,COMPLETE,COMPLETE,TRUE,TRUE,
BR-009-T01,BR-009,Branched,DEFINITE,DEFINITE,UNSOUND,UNSOUND,COMPLETE,COMPLETE,TRUE,TRUE,
BR-009-T02,BR-009,Branched,DEFINITE,DEFINITE,SOUND,SOUND,COMPLETE,COMPLETE,TRUE,TRUE,
BR-009-T03,BR-009,Branched,DEFINITE,DEFINITE,SOUND,SOUND,COMPLETE,COMPLETE,TRUE,TRUE,
BR-009-T04,BR-009,Branched,DEFINITE,DEFINITE,SOUND,SOUND,INCOMPLETE,INCOMPLETE,TRUE,TRUE,
BR-010-T01,BR-010,Branched,DEFINITE,DEFINITE,UNSOUND,UNSOUND,COMPLETE,COMPLETE,TRUE,TRUE,
BR-010-T02,BR-010,Branched,DEFINITE,DEFINITE,SOUND,SOUND,COMPLETE,COMPLETE,TRUE,TRUE,
BR-010-T03,BR-010,Branched,DEFINITE,DEFINITE,SOUND,SOUND,COMPLETE,COMPLETE,TRUE,TRUE,
BR-010-T04,BR-010,Branched,DEFINITE,DEFINITE,SOUND,SOUND,COMPLETE,COMPLETE,TRUE,TRUE,
BR-011-T01,BR-011,Branched,DEFINITE,DEFINITE,UNSOUND,UNSOUND,INCOMPLETE,INCOMPLETE,TRUE,TRUE,
BR-011-T02,BR-011,Branched,DEFINITE,DEFINITE,SOUND,SOUND,COMPLETE,COMPLETE,TRUE,TRUE,
BR-011-T03,BR-011,Branched,DEFINITE,DEFINITE,SOUND,SOUND,COMPLETE,COMPLETE,TRUE,TRUE,
BR-011-T04,BR-011,Branched,DEFINITE,DEFINITE,SOUND,SOUND,COMPLETE,COMPLETE,TRUE,TRUE,
BR-012-T01,BR-012,Branched,DEFINITE,DEFINITE,UNSOUND,UNSOUND,COMPLETE,COMPLETE,TRUE,TRUE,
BR-012-T02,BR-012,Branched,DEFINITE,DEFINITE,SOUND,SOUND,INCOMPLETE,INCOMPLETE,TRUE,TRUE,
BR-012-T03,BR-012,Branched,DEFINITE,DEFINITE,SOUND,SOUND,COMPLETE,COMPLETE,TRUE,TRUE,
BR-012-T04,BR-012,Branched,DEFINITE,DEFINITE,SOUND,SOUND,COMPLETE,COMPLETE,TRUE,TRUE,
BR-013-T01,BR-013,Branched,DEFINITE,DEFINITE,UNSOUND,UNSOUND,COMPLETE,COMPLETE,TRUE,TRUE,
BR-013-T02,BR-013,Branched,DEFINITE,DEFINITE,SOUND,SOUND,COMPLETE,COMPLETE,TRUE,TRUE,
BR-013-T03,BR-013,Branched,DEFINITE,DEFINITE,SOUND,SOUND,INCOMPLETE,INCOMPLETE,TRUE,TRUE,
BR-013-T04,BR-013,Branched,DEFINITE,DEFINITE,SOUND,SOUND,COMPLETE,COMPLETE,TRUE,TRUE,
BR-014-T01,BR-014,Branched,DEFINITE,DEFINITE,UNSOUND,UNSOUND,COMPLETE,COMPLETE,TRUE,TRUE,
BR-014-T02,BR-014,Branched,DEFINITE,DEFINITE,SOUND,SOUND,COMPLETE,COMPLETE,TRUE,TRUE,
BR-014-T03,BR-014,Branched,DEFINITE,DEFINITE,SOUND,SOUND,COMPLETE,COMPLETE,TRUE,TRUE,
BR-014-T04,BR-014,Branched,DEFINITE,DEFINITE,SOUND,SOUND,INCOMPLETE,INCOMPLETE,TRUE,TRUE,
BR-015-T01,BR-015,Branched,DEFINITE,DEFINITE,UNSOUND,UNSOUND,COMPLETE,COMPLETE,TRUE,TRUE,
BR-015-T02,BR-015,Branched,DEFINITE,DEFINITE,SOUND,SOUND,COMPLETE,COMPLETE,TRUE,TRUE,
BR-015-T03,BR-015,Branched,DEFINITE,DEFINITE,SOUND,SOUND,COMPLETE,COMPLETE,TRUE,TRUE,
BR-015-T04,BR-015,Branched,DEFINITE,DEFINITE,SOUND,SOUND,COMPLETE,COMPLETE,TRUE,TRUE,
BR-016-T01,BR-016,Branched,DEFINITE,DEFINITE,UNSOUND,UNSOUND,INCOMPLETE,INCOMPLETE,TRUE,TRUE,
BR-016-T02,BR-016,Branched,DEFINITE,DEFINITE,SOUND,SOUND,COMPLETE,COMPLETE,TRUE,TRUE,
BR-016-T03,BR-016,Branched,DEFINITE,DEFINITE,SOUND,SOUND,COMPLETE,COMPLETE,TRUE,TRUE,
BR-016-T04,BR-016,Branched,DEFINITE,DEFINITE,SOUND,SOUND,COMPLETE,COMPLETE,TRUE,TRUE,
BR-017-T01,BR-017,Branched,DEFINITE,DEFINITE,UNSOUND,UNSOUND,COMPLETE,COMPLETE,TRUE,TRUE,
BR-017-T02,BR-017,Branched,DEFINITE,DEFINITE,SOUND,SOUND,INCOMPLETE,INCOMPLETE,TRUE,TRUE,
BR-017-T03,BR-017,Branched,DEFINITE,DEFINITE,SOUND,SOUND,COMPLETE,COMPLETE,TRUE,TRUE,
BR-017-T04,BR-017,Branched,DEFINITE,DEFINITE,SOUND,SOUND,COMPLETE,COMPLETE,TRUE,TRUE,
BR-018-T01,BR-018,Branched,DEFINITE,DEFINITE,UNSOUND,UNSOUND,COMPLETE,COMPLETE,TRUE,TRUE,
BR-018-T02,BR-018,Branched,DEFINITE,DEFINITE,SOUND,SOUND,COMPLETE,COMPLETE,TRUE,TRUE,
BR-018-T03,BR-018,Branched,DEFINITE,DEFINITE,SOUND,SOUND,INCOMPLETE,INCOMPLETE,TRUE,TRUE,
BR-018-T04,BR-018,Branched,DEFINITE,DEFINITE,SOUND,SOUND,COMPLETE,COMPLETE,TRUE,TRUE,
BR-019-T01,BR-019,Branched,DEFINITE,DEFINITE,UNSOUND,UNSOUND,COMPLETE,COMPLETE,TRUE,TRUE,
BR-019-T02,BR-019,Branched,DEFINITE,DEFINITE,SOUND,SOUND,COMPLETE,COMPLETE,TRUE,TRUE,
BR-019-T03,BR-019,Branched,DEFINITE,DEFINITE,SOUND,SOUND,COMPLETE,COMPLETE,TRUE,TRUE,
BR-019-T04,BR-019,Branched,DEFINITE,DEFINITE,SOUND,SOUND,INCOMPLETE,INCOMPLETE,TRUE,TRUE,
BR-020-T01,BR-020,Branched,DEFINITE,DEFINITE,UNSOUND,UNSOUND,COMPLETE,COMPLETE,TRUE,TRUE,
BR-020-T02,BR-020,Branched,DEFINITE,DEFINITE,SOUND,SOUND,COMPLETE,COMPLETE,TRUE,TRUE,
BR-020-T03,BR-020,Branched,DEFINITE,DEFINITE,SOUND,SOUND,COMPLETE,COMPLETE,TRUE,TRUE,
BR-020-T04,BR-020,Branched,DEFINITE,DEFINITE,SOUND,SOUND,COMPLETE,COMPLETE,TRUE,TRUE,
BR-021-T01,BR-021,Branched,DEFINITE,DEFINITE,UNSOUND,UNSOUND,INCOMPLETE,INCOMPLETE,TRUE,TRUE,
BR-021-T02,BR-021,Branched,DEFINITE,DEFINITE,SOUND,SOUND,COMPLETE,COMPLETE,TRUE,TRUE,
BR-021-T03,BR-021,Branched,DEFINITE,DEFINITE,SOUND,SOUND,COMPLETE,COMPLETE,TRUE,TRUE,
BR-021-T04,BR-021,Branched,DEFINITE,DEFINITE,SOUND,SOUND,COMPLETE,COMPLETE,TRUE,TRUE,
BR-022-T01,BR-022,Branched,DEFINITE,DEFINITE,UNSOUND,UNSOUND,COMPLETE,COMPLETE,TRUE,TRUE,
BR-022-T02,BR-022,Branched,DEFINITE,DEFINITE,SOUND,SOUND,INCOMPLETE,INCOMPLETE,TRUE,TRUE,
BR-022-T03,BR-022,Branched,DEFINITE,DEFINITE,SOUND,SOUND,COMPLETE,COMPLETE,TRUE,TRUE,
BR-022-T04,BR-022,Branched,DEFINITE,DEFINITE,SOUND,SOUND,COMPLETE,COMPLETE,TRUE,TRUE,
BR-023-T01,BR-023,Branched,DEFINITE,DEFINITE,UNSOUND,UNSOUND,COMPLETE,COMPLETE,TRUE,TRUE,
BR-023-T02,BR-023,Branched,DEFINITE,DEFINITE,SOUND,SOUND,COMPLETE,COMPLETE,TRUE,TRUE,
BR-023-T03,BR-023,Branched,DEFINITE,DEFINITE,SOUND,SOUND,INCOMPLETE,INCOMPLETE,TRUE,TRUE,
BR-023-T04,BR-023,Branched,DEFINITE,DEFINITE,SOUND,SOUND,COMPLETE,COMPLETE,TRUE,TRUE,
BR-024-T01,BR-024,Branched,DEFINITE,DEFINITE,UNSOUND,UNSOUND,COMPLETE,COMPLETE,TRUE,TRUE,
BR-024-T02,BR-024,Branched,DEFINITE,DEFINITE,SOUND,SOUND,COMPLETE,COMPLETE,TRUE,TRUE,
BR-024-T03,BR-024,Branched,DEFINITE,DEFINITE,SOUND,SOUND,COMPLETE,COMPLETE,TRUE,TRUE,
BR-024-T04,BR-024,Branched,DEFINITE,DEFINITE,SOUND,SOUND,INCOMPLETE,INCOMPLETE,TRUE,TRUE,
BR-025-T01,BR-025,Branched,DEFINITE,DEFINITE,UNSOUND,UNSOUND,COMPLETE,COMPLETE,TRUE,TRUE,
BR-025-T02,BR-025,Branched,DEFINITE,DEFINITE,SOUND,SOUND,COMPLETE,COMPLETE,TRUE,TRUE,
BR-025-T03,BR-025,Branched,DEFINITE,DEFINITE,SOUND,SOUND,COMPLETE,COMPLETE,TRUE,TRUE,
BR-025-T04,BR-025,Branched,DEFINITE,DEFINITE,SOUND,SOUND,COMPLETE,COMPLETE,TRUE,TRUE,
BR-026-T01,BR-026,Branched,DEFINITE,DEFINITE,UNSOUND,UNSOUND,INCOMPLETE,INCOMPLETE,TRUE,TRUE,
BR-026-T02,BR-026,Branched,DEFINITE,DEFINITE,SOUND,SOUND,COMPLETE,COMPLETE,TRUE,TRUE,
BR-026-T03,BR-026,Branched,DEFINITE,DEFINITE,SOUND,SOUND,COMPLETE,COMPLETE,TRUE,TRUE,
BR-026-T04,BR-026,Branched,DEFINITE,DEFINITE,SOUND,SOUND,COMPLETE,COMPLETE,TRUE,TRUE,
BR-027-T01,BR-027,Branched,DEFINITE,DEFINITE,UNSOUND,UNSOUND,COMPLETE,COMPLETE,TRUE,TRUE,
BR-027-T02,BR-027,Branched,DEFINITE,DEFINITE,SOUND,SOUND,INCOMPLETE,INCOMPLETE,TRUE,TRUE,
BR-027-T03,BR-027,Branched,DEFINITE,DEFINITE,SOUND,SOUND,COMPLETE,COMPLETE,TRUE,TRUE,
BR-027-T04,BR-027,Branched,DEFINITE,DEFINITE,SOUND,SOUND,COMPLETE,COMPLETE,TRUE,TRUE,
BR-028-T01,BR-028,Branched,DEFINITE,DEFINITE,UNSOUND,UNSOUND,COMPLETE,COMPLETE,TRUE,TRUE,
BR-028-T02,BR-028,Branched,DEFINITE,DEFINITE,SOUND,SOUND,COMPLETE,COMPLETE,TRUE,TRUE,
BR-028-T03,BR-028,Branched,DEFINITE,DEFINITE,SOUND,SOUND,INCOMPLETE,INCOMPLETE,TRUE,TRUE,
BR-028-T04,BR-028,Branched,DEFINITE,DEFINITE,SOUND,SOUND,COMPLETE,COMPLETE,TRUE,TRUE,
BR-029-T01,BR-029,Branched,DEFINITE,DEFINITE,UNSOUND,UNSOUND,COMPLETE,COMPLETE,TRUE,TRUE,
BR-029-T02,BR-029,Branched,DEFINITE,DEFINITE,SOUND,SOUND,COMPLETE,COMPLETE,TRUE,TRUE,
BR-029-T03,BR-029,Branched,DEFINITE,DEFINITE,SOUND,SOUND,COMPLETE,COMPLETE,TRUE,TRUE,
BR-029-T04,BR-029,Branched,DEFINITE,DEFINITE,SOUND,SOUND,INCOMPLETE,INCOMPLETE,TRUE,TRUE,
BR-030-T01,BR-030,Branched,DEFINITE,DEFINITE,UNSOUND,UNSOUND,COMPLETE,COMPLETE,TRUE,TRUE,
BR-030-T02,BR-030,Branched,DEFINITE,DEFINITE,SOUND,SOUND,COMPLETE,COMPLETE,TRUE,TRUE,
BR-030-T03,BR-030,Branched,DEFINITE,DEFINITE,SOUND,SOUND,COMPLETE,COMPLETE,TRUE,TRUE,
BR-030-T04,BR-030,Branched,DEFINITE,DEFINITE,SOUND,SOUND,COMPLETE,COMPLETE,TRUE,TRUE,
BR-031-T01,BR-031,Branched,DEFINITE,DEFINITE,UNSOUND,UNSOUND,INCOMPLETE,INCOMPLETE,TRUE,TRUE,
BR-031-T02,BR-031,Branched,DEFINITE,DEFINITE,SOUND,SOUND,COMPLETE,COMPLETE,TRUE,TRUE,
BR-031-T03,BR-031,Branched,DEFINITE,DEFINITE,SOUND,SOUND,COMPLETE,COMPLETE,TRUE,TRUE,
BR-031-T04,BR-031,Branched,DEFINITE,DEFINITE,SOUND,SOUND,COMPLETE,COMPLETE,TRUE,TRUE,
BR-032-T01,BR-032,Branched,DEFINITE,DEFINITE,UNSOUND,UNSOUND,COMPLETE,COMPLETE,TRUE,TRUE,
BR-032-T02,BR-032,Branched,DEFINITE,DEFINITE,SOUND,SOUND,INCOMPLETE,INCOMPLETE,TRUE,TRUE,
BR-032-T03,BR-032,Branched,DEFINITE,DEFINITE,SOUND,SOUND,COMPLETE,COMPLETE,TRUE,TRUE,
BR-032-T04,BR-032,Branched,DEFINITE,DEFINITE,SOUND,SOUND,COMPLETE,COMPLETE,TRUE,TRUE,
BR-033-T01,BR-033,Branched,DEFINITE,DEFINITE,UNSOUND,UNSOUND,COMPLETE,COMPLETE,TRUE,TRUE,
BR-033-T02,BR-033,Branched,DEFINITE,DEFINITE,SOUND,SOUND,COMPLETE,COMPLETE,TRUE,TRUE,
BR-033-T03,BR-033,Branched,DEFINITE,DEFINITE,SOUND,SOUND,INCOMPLETE,INCOMPLETE,TRUE,TRUE,
BR-033-T04,BR-033,Branched,DEFINITE,DEFINITE,SOUND,SOUND,COMPLETE,COMPLETE,TRUE,TRUE,
BR-034-T01,BR-034,Branched,DEFINITE,DEFINITE,UNSOUND,UNSOUND,COMPLETE,COMPLETE,TRUE,TRUE,
BR-034-T02,BR-034,Branched,DEFINITE,DEFINITE,SOUND,SOUND,COMPLETE,COMPLETE,TRUE,TRUE,
BR-034-T03,BR-034,Branched,DEFINITE,DEFINITE,SOUND,SOUND,COMPLETE,COMPLETE,TRUE,TRUE,
BR-034-T04,BR-034,Branched,DEFINITE,DEFINITE,SOUND,SOUND,INCOMPLETE,INCOMPLETE,TRUE,TRUE,
BR-035-T01,BR-035,Branched,DEFINITE,DEFINITE,UNSOUND,UNSOUND,COMPLETE,COMPLETE,TRUE,TRUE,
BR-035-T02,BR-035,Branched,DEFINITE,DEFINITE,SOUND,SOUND,COMPLETE,COMPLETE,TRUE,TRUE,
BR-035-T03,BR-035,Branched,DEFINITE,DEFINITE,SOUND,SOUND,COMPLETE,COMPLETE,TRUE,TRUE,
BR-035-T04,BR-035,Branched,DEFINITE,DEFINITE,SOUND,SOUND,COMPLETE,COMPLETE,TRUE,TRUE,
BR-036-T01,BR-036,Branched,DEFINITE,DEFINITE,UNSOUND,UNSOUND,INCOMPLETE,INCOMPLETE,TRUE,TRUE,
BR-036-T02,BR-036,Branched,DEFINITE,DEFINITE,SOUND,SOUND,COMPLETE,COMPLETE,TRUE,TRUE,
BR-036-T03,BR-036,Branched,DEFINITE,DEFINITE,SOUND,SOUND,COMPLETE,COMPLETE,TRUE,TRUE,
BR-036-T04,BR-036,Branched,DEFINITE,DEFINITE,SOUND,SOUND,COMPLETE,COMPLETE,TRUE,TRUE,
BR-037-T01,BR-037,Branched,DEFINITE,DEFINITE,UNSOUND,UNSOUND,COMPLETE,COMPLETE,TRUE,TRUE,
BR-037-T02,BR-037,Branched,DEFINITE,DEFINITE,SOUND,SOUND,INCOMPLETE,INCOMPLETE,TRUE,TRUE,
BR-037-T03,BR-037,Branched,DEFINITE,DEFINITE,SOUND,SOUND,COMPLETE,COMPLETE,TRUE,TRUE,
BR-037-T04,BR-037,Branched,DEFINITE,DEFINITE,SOUND,SOUND,COMPLETE,COMPLETE,TRUE,TRUE,
BR-038-T01,BR-038,Branched,DEFINITE,DEFINITE,UNSOUND,UNSOUND,COMPLETE,COMPLETE,TRUE,TRUE,
BR-038-T02,BR-038,Branched,DEFINITE,DEFINITE,SOUND,SOUND,COMPLETE,COMPLETE,TRUE,TRUE,
BR-038-T03,BR-038,Branched,DEFINITE,DEFINITE,SOUND,SOUND,INCOMPLETE,INCOMPLETE,TRUE,TRUE,
BR-038-T04,BR-038,Branched,DEFINITE,DEFINITE,SOUND,SOUND,COMPLETE,COMPLETE,TRUE,TRUE,
BR-039-T01,BR-039,Branched,DEFINITE,DEFINITE,UNSOUND,UNSOUND,COMPLETE,COMPLETE,TRUE,TRUE,
BR-039-T02,BR-039,Branched,DEFINITE,DEFINITE,SOUND,SOUND,COMPLETE,COMPLETE,TRUE,TRUE,
BR-039-T03,BR-039,Branched,DEFINITE,DEFINITE,SOUND,SOUND,COMPLETE,COMPLETE,TRUE,TRUE,
BR-039-T04,BR-039,Branched,DEFINITE,DEFINITE,SOUND,SOUND,INCOMPLETE,INCOMPLETE,TRUE,TRUE,
BR-040-T01,BR-040,Branched,DEFINITE,DEFINITE,UNSOUND,UNSOUND,COMPLETE,COMPLETE,TRUE,TRUE,
BR-040-T02,BR-040,Branched,DEFINITE,DEFINITE,SOUND,SOUND,COMPLETE,COMPLETE,TRUE,TRUE,
BR-040-T03,BR-040,Branched,DEFINITE,DEFINITE,SOUND,SOUND,COMPLETE,COMPLETE,TRUE,TRUE,
BR-041-T01,BR-041,Branched,DEFINITE,DEFINITE,SOUND,SOUND,COMPLETE,COMPLETE,TRUE,TRUE,
BR-041-T02,BR-041,Branched,DEFINITE,DEFINITE,UNSOUND,UNSOUND,INCOMPLETE,INCOMPLETE,TRUE,TRUE,
BR-041-T03,BR-041,Branched,DEFINITE,DEFINITE,SOUND,SOUND,COMPLETE,COMPLETE,TRUE,TRUE,
BR-042-T01,BR-042,Branched,DEFINITE,DEFINITE,SOUND,SOUND,COMPLETE,COMPLETE,TRUE,TRUE,
BR-042-T02,BR-042,Branched,DEFINITE,DEFINITE,SOUND,SOUND,COMPLETE,COMPLETE,TRUE,TRUE,
BR-042-T03,BR-042,Branched,DEFINITE,DEFINITE,UNSOUND,UNSOUND,COMPLETE,COMPLETE,TRUE,TRUE,
BR-043-T01,BR-043,Branched,DEFINITE,DEFINITE,SOUND,SOUND,INCOMPLETE,INCOMPLETE,TRUE,TRUE,
BR-043-T02,BR-043,Branched,DEFINITE,DEFINITE,SOUND,SOUND,COMPLETE,COMPLETE,TRUE,TRUE,
BR-043-T03,BR-043,Branched,DEFINITE,DEFINITE,SOUND,SOUND,COMPLETE,COMPLETE,TRUE,TRUE,
BR-044-T01,BR-044,Branched,DEFINITE,DEFINITE,UNSOUND,UNSOUND,COMPLETE,COMPLETE,TRUE,TRUE,
BR-044-T02,BR-044,Branched,DEFINITE,DEFINITE,SOUND,SOUND,COMPLETE,COMPLETE,TRUE,TRUE,
BR-044-T03,BR-044,Branched,DEFINITE,DEFINITE,SOUND,SOUND,INCOMPLETE,INCOMPLETE,TRUE,TRUE,
BR-045-T01,BR-045,Branched,DEFINITE,DEFINITE,SOUND,SOUND,COMPLETE,COMPLETE,TRUE,TRUE,
BR-045-T02,BR-045,Branched,DEFINITE,DEFINITE,UNSOUND,UNSOUND,COMPLETE,COMPLETE,TRUE,TRUE,
BR-045-T03,BR-045,Branched,DEFINITE,DEFINITE,SOUND,SOUND,COMPLETE,COMPLETE,TRUE,TRUE,
BR-046-T01,BR-046,Branched,DEFINITE,DEFINITE,SOUND,SOUND,COMPLETE,COMPLETE,TRUE,TRUE,
BR-046-T02,BR-046,Branched,DEFINITE,DEFINITE,SOUND,SOUND,INCOMPLETE,INCOMPLETE,TRUE,TRUE,
BR-046-T03,BR-046,Branched,DEFINITE,DEFINITE,UNSOUND,UNSOUND,COMPLETE,COMPLETE,TRUE,TRUE,
BR-047-T01,BR-047,Branched,DEFINITE,DEFINITE,SOUND,SOUND,COMPLETE,COMPLETE,TRUE,TRUE,
BR-047-T02,BR-047,Branched,DEFINITE,DEFINITE,SOUND,SOUND,COMPLETE,COMPLETE,TRUE,TRUE,
BR-047-T03,BR-047,Branched,DEFINITE,DEFINITE,SOUND,SOUND,COMPLETE,COMPLETE,TRUE,TRUE,
BR-048-T01,BR-048,Branched,DEFINITE,DEFINITE,UNSOUND,UNSOUND,INCOMPLETE,INCOMPLETE,TRUE,TRUE,
BR-048-T02,BR-048,Branched,DEFINITE,DEFINITE,SOUND,SOUND,COMPLETE,COMPLETE,TRUE,TRUE,
BR-048-T03,BR-048,Branched,DEFINITE,DEFINITE,SOUND,SOUND,COMPLETE,COMPLETE,TRUE,TRUE,
BR-049-T01,BR-049,Branched,DEFINITE,DEFINITE,SOUND,SOUND,COMPLETE,COMPLETE,TRUE,TRUE,
BR-049-T02,BR-049,Branched,DEFINITE,DEFINITE,UNSOUND,UNSOUND,COMPLETE,COMPLETE,TRUE,TRUE,
BR-049-T03,BR-049,Branched,DEFINITE,DEFINITE,SOUND,SOUND,INCOMPLETE,INCOMPLETE,TRUE,TRUE,
BR-050-T01,BR-050,Branched,DEFINITE,DEFINITE,SOUND,SOUND,COMPLETE,COMPLETE,TRUE,TRUE,
BR-050-T02,BR-050,Branched,DEFINITE,DEFINITE,SOUND,SOUND,COMPLETE,COMPLETE,TRUE,TRUE,
BR-050-T03,BR-050,Branched,DEFINITE,DEFINITE,UNSOUND,UNSOUND,COMPLETE,COMPLETE,TRUE,TRUE,
BR-051-T01,BR-051,Branched,DEFINITE,DEFINITE,SOUND,SOUND,COMPLETE,COMPLETE,TRUE,TRUE,
BR-051-T02,BR-051,Branched,DEFINITE,DEFINITE,SOUND,SOUND,INCOMPLETE,INCOMPLETE,TRUE,TRUE,
BR-051-T03,BR-051,Branched,DEFINITE,DEFINITE,SOUND,SOUND,COMPLETE,COMPLETE,TRUE,TRUE,
BR-052-T01,BR-052,Branched,DEFINITE,DEFINITE,UNSOUND,UNSOUND,COMPLETE,COMPLETE,TRUE,TRUE,
BR-052-T02,BR-052,Branched,DEFINITE,DEFINITE,SOUND,SOUND,COMPLETE,COMPLETE,TRUE,TRUE,
BR-052-T03,BR-052,Branched,DEFINITE,DEFINITE,SOUND,SOUND,COMPLETE,COMPLETE,TRUE,TRUE,
BR-053-T01,BR-053,Branched,DEFINITE,DEFINITE,SOUND,SOUND,INCOMPLETE,INCOMPLETE,TRUE,TRUE,
BR-053-T02,BR-053,Branched,DEFINITE,DEFINITE,UNSOUND,UNSOUND,COMPLETE,COMPLETE,TRUE,TRUE,
BR-053-T03,BR-053,Branched,DEFINITE,DEFINITE,SOUND,SOUND,COMPLETE,COMPLETE,TRUE,TRUE,
BR-054-T01,BR-054,Branched,DEFINITE,DEFINITE,SOUND,SOUND,COMPLETE,COMPLETE,TRUE,TRUE,
BR-054-T02,BR-054,Branched,DEFINITE,DEFINITE,SOUND,SOUND,COMPLETE,COMPLETE,TRUE,TRUE,
BR-054-T03,BR-054,Branched,DEFINITE,DEFINITE,UNSOUND,UNSOUND,INCOMPLETE,INCOMPLETE,TRUE,TRUE,
BR-055-T01,BR-055,Branched,DEFINITE,DEFINITE,SOUND,SOUND,COMPLETE,COMPLETE,TRUE,TRUE,
BR-055-T02,BR-055,Branched,DEFINITE,DEFINITE,SOUND,SOUND,COMPLETE,COMPLETE,TRUE,TRUE,
BR-055-T03,BR-055,Branched,DEFINITE,DEFINITE,SOUND,SOUND,COMPLETE,COMPLETE,TRUE,TRUE,
BR-056-T01,BR-056,Branched,DEFINITE,DEFINITE,UNSOUND,UNSOUND,COMPLETE,COMPLETE,TRUE,TRUE,
BR-056-T02,BR-056,Branched,DEFINITE,DEFINITE,SOUND,SOUND,INCOMPLETE,INCOMPLETE,TRUE,TRUE,
BR-056-T03,BR-056,Branched,DEFINITE,DEFINITE,SOUND,SOUND,COMPLETE,COMPLETE,TRUE,TRUE,
BR-057-T01,BR-057,Branched,DEFINITE,DEFINITE,SOUND,SOUND,COMPLETE,COMPLETE,TRUE,TRUE,
BR-057-T02,BR-057,Branched,DEFINITE,DEFINITE,UNSOUND,UNSOUND,COMPLETE,COMPLETE,TRUE,TRUE,
BR-057-T03,BR-057,Branched,DEFINITE,DEFINITE,SOUND,SOUND,COMPLETE,COMPLETE,TRUE,TRUE,
BR-058-T01,BR-058,Branched,DEFINITE,DEFINITE,SOUND,SOUND,INCOMPLETE,INCOMPLETE,TRUE,TRUE,
BR-058-T02,BR-058,Branched,DEFINITE,DEFINITE,SOUND,SOUND,COMPLETE,COMPLETE,TRUE,TRUE,
BR-058-T03,BR-058,Branched,DEFINITE,DEFINITE,UNSOUND,UNSOUND,COMPLETE,COMPLETE,TRUE,TRUE,
BR-059-T01,BR-059,Branched,DEFINITE,DEFINITE,SOUND,SOUND,COMPLETE,COMPLETE,TRUE,TRUE,
BR-059-T02,BR-059,Branched,DEFINITE,DEFINITE,SOUND,SOUND,COMPLETE,COMPLETE,TRUE,TRUE,
BR-059-T03,BR-059,Branched,DEFINITE,DEFINITE,SOUND,SOUND,INCOMPLETE,INCOMPLETE,TRUE,TRUE,
BR-060-T01,BR-060,Branched,DEFINITE,DEFINITE,UNSOUND,UNSOUND,COMPLETE,COMPLETE,TRUE,TRUE,
BR-060-T02,BR-060,Branched,DEFINITE,DEFINITE,SOUND,SOUND,COMPLETE,COMPLETE,TRUE,TRUE,
BR-060-T03,BR-060,Branched,DEFINITE,DEFINITE,SOUND,SOUND,COMPLETE,COMPLETE,TRUE,TRUE,
BR-061-T01,BR-061,Branched,DEFINITE,DEFINITE,SOUND,SOUND,COMPLETE,COMPLETE,TRUE,TRUE,
BR-061-T02,BR-061,Branched,DEFINITE,DEFINITE,UNSOUND,UNSOUND,INCOMPLETE,INCOMPLETE,TRUE,TRUE,
BR-061-T03,BR-061,Branched,DEFINITE,DEFINITE,SOUND,SOUND,COMPLETE,COMPLETE,TRUE,TRUE,
BR-062-T01,BR-062,Branched,DEFINITE,DEFINITE,SOUND,SOUND,COMPLETE,COMPLETE,TRUE,TRUE,
BR-062-T02,BR-062,Branched,DEFINITE,DEFINITE,SOUND,SOUND,COMPLETE,COMPLETE,TRUE,TRUE,
BR-062-T03,BR-062,Branched,DEFINITE,DEFINITE,UNSOUND,UNSOUND,COMPLETE,COMPLETE,TRUE,TRUE,
BR-063-T01,BR-063,Branched,DEFINITE,DEFINITE,SOUND,SOUND,INCOMPLETE,INCOMPLETE,TRUE,TRUE,
BR-063-T02,BR-063,Branched,DEFINITE,DEFINITE,SOUND,SOUND,COMPLETE,COMPLETE,TRUE,TRUE,
BR-063-T03,BR-063,Branched,DEFINITE,DEFINITE,SOUND,SOUND,COMPLETE,COMPLETE,TRUE,TRUE,
BR-064-T01,BR-064,Branched,DEFINITE,DEFINITE,UNSOUND,UNSOUND,COMPLETE,COMPLETE,TRUE,TRUE,
BR-064-T02,BR-064,Branched,DEFINITE,DEFINITE,SOUND,SOUND,COMPLETE,COMPLETE,TRUE,TRUE,
BR-064-T03,BR-064,Branched,DEFINITE,DEFINITE,SOUND,SOUND,INCOMPLETE,INCOMPLETE,TRUE,TRUE,
BR-065-T01,BR-065,Branched,DEFINITE,DEFINITE,SOUND,SOUND,COMPLETE,COMPLETE,TRUE,TRUE,
BR-065-T02,BR-065,Branched,DEFINITE,DEFINITE,UNSOUND,UNSOUND,COMPLETE,COMPLETE,TRUE,TRUE,
BR-065-T03,BR-065,Branched,DEFINITE,DEFINITE,SOUND,SOUND,COMPLETE,COMPLETE,TRUE,TRUE,
BR-066-T01,BR-066,Branched,DEFINITE,DEFINITE,SOUND,SOUND,COMPLETE,COMPLETE,TRUE,TRUE,
BR-066-T02,BR-066,Branched,DEFINITE,DEFINITE,SOUND,SOUND,INCOMPLETE,INCOMPLETE,TRUE,TRUE,
BR-066-T03,BR-066,Branched,DEFINITE,DEFINITE,UNSOUND,UNSOUND,COMPLETE,COMPLETE,TRUE,TRUE,
BR-067-T01,BR-067,Branched,DEFINITE,DEFINITE,SOUND,SOUND,COMPLETE,COMPLETE,TRUE,TRUE,
BR-067-T02,BR-067,Branched,DEFINITE,DEFINITE,SOUND,SOUND,COMPLETE,COMPLETE,TRUE,TRUE,
BR-067-T03,BR-067,Branched,DEFINITE,DEFINITE,SOUND,SOUND,COMPLETE,COMPLETE,TRUE,TRUE,
BR-068-T01,BR-068,Branched,DEFINITE,DEFINITE,UNSOUND,UNSOUND,INCOMPLETE,INCOMPLETE,TRUE,TRUE,
BR-068-T02,BR-068,Branched,DEFINITE,DEFINITE,SOUND,SOUND,COMPLETE,COMPLETE,TRUE,TRUE,
BR-068-T03,BR-068,Branched,DEFINITE,DEFINITE,SOUND,SOUND,COMPLETE,COMPLETE,TRUE,TRUE,
BR-069-T01,BR-069,Branched,DEFINITE,DEFINITE,SOUND,SOUND,COMPLETE,COMPLETE,TRUE,TRUE,
BR-069-T02,BR-069,Branched,DEFINITE,DEFINITE,UNSOUND,UNSOUND,COMPLETE,COMPLETE,TRUE,TRUE,
BR-069-T03,BR-069,Branched,DEFINITE,DEFINITE,SOUND,SOUND,INCOMPLETE,INCOMPLETE,TRUE,TRUE,
BR-070-T01,BR-070,Branched,DEFINITE,DEFINITE,SOUND,SOUND,COMPLETE,COMPLETE,TRUE,TRUE,
BR-070-T02,BR-070,Branched,DEFINITE,DEFINITE,SOUND,SOUND,COMPLETE,COMPLETE,TRUE,TRUE,
BR-070-T03,BR-070,Branched,DEFINITE,DEFINITE,UNSOUND,UNSOUND,COMPLETE,COMPLETE,TRUE,TRUE,
BR-071-T01,BR-071,Branched,DEFINITE,DEFINITE,SOUND,SOUND,COMPLETE,COMPLETE,TRUE,TRUE,
BR-071-T02,BR-071,Branched,DEFINITE,DEFINITE,SOUND,SOUND,INCOMPLETE,INCOMPLETE,TRUE,TRUE,
BR-071-T03,BR-071,Branched,DEFINITE,DEFINITE,SOUND,SOUND,COMPLETE,COMPLETE,TRUE,TRUE,
BR-072-T01,BR-072,Branched,DEFINITE,DEFINITE,UNSOUND,UNSOUND,COMPLETE,COMPLETE,TRUE,TRUE,
BR-072-T02,BR-072,Branched,DEFINITE,DEFINITE,SOUND,SOUND,COMPLETE,COMPLETE,TRUE,TRUE,
BR-072-T03,BR-072,Branched,DEFINITE,DEFINITE,SOUND,SOUND,COMPLETE,COMPLETE,TRUE,TRUE,
BR-073-T01,BR-073,Branched,DEFINITE,DEFINITE,SOUND,SOUND,INCOMPLETE,INCOMPLETE,TRUE,TRUE,
BR-073-T02,BR-073,Branched,DEFINITE,DEFINITE,UNSOUND,UNSOUND,COMPLETE,COMPLETE,TRUE,TRUE,
BR-073-T03,BR-073,Branched,DEFINITE,DEFINITE,SOUND,SOUND,COMPLETE,COMPLETE,TRUE,TRUE,
BR-074-T01,BR-074,Branched,DEFINITE,DEFINITE,SOUND,SOUND,COMPLETE,COMPLETE,TRUE,TRUE,
BR-074-T02,BR-074,Branched,DEFINITE,DEFINITE,SOUND,SOUND,COMPLETE,COMPLETE,TRUE,TRUE,
BR-074-T03,BR-074,Branched,DEFINITE,DEFINITE,UNSOUND,UNSOUND,INCOMPLETE,INCOMPLETE,TRUE,TRUE,
BR-075-T01,BR-075,Branched,DEFINITE,DEFINITE,SOUND,SOUND,COMPLETE,COMPLETE,TRUE,TRUE,
BR-075-T02,BR-075,Branched,DEFINITE,DEFINITE,SOUND,SOUND,COMPLETE,COMPLETE,TRUE,TRUE,
BR-075-T03,BR-075,Branched,DEFINITE,DEFINITE,SOUND,SOUND,COMPLETE,COMPLETE,TRUE,TRUE,
BR-076-T01,BR-076,Branched,DEFINITE,DEFINITE,UNSOUND,UNSOUND,COMPLETE,COMPLETE,TRUE,TRUE,
BR-076-T02,BR-076,Branched,DEFINITE,DEFINITE,SOUND,SOUND,INCOMPLETE,INCOMPLETE,TRUE,TRUE,
BR-076-T03,BR-076,Branched,DEFINITE,DEFINITE,SOUND,SOUND,COMPLETE,COMPLETE,TRUE,TRUE,
BR-077-T01,BR-077,Branched,DEFINITE,DEFINITE,SOUND,SOUND,COMPLETE,COMPLETE,TRUE,TRUE,
BR-077-T02,BR-077,Branched,DEFINITE,DEFINITE,UNSOUND,UNSOUND,COMPLETE,COMPLETE,TRUE,TRUE,
BR-077-T03,BR-077,Branched,DEFINITE,DEFINITE,SOUND,SOUND,COMPLETE,COMPLETE,TRUE,TRUE,
BR-078-T01,BR-078,Branched,DEFINITE,DEFINITE,SOUND,SOUND,INCOMPLETE,INCOMPLETE,TRUE,TRUE,
BR-078-T02,BR-078,Branched,DEFINITE,DEFINITE,SOUND,SOUND,COMPLETE,COMPLETE,TRUE,TRUE,
BR-078-T03,BR-078,Branched,DEFINITE,DEFINITE,UNSOUND,UNSOUND,COMPLETE,COMPLETE,TRUE,TRUE,
BR-079-T01,BR-079,Branched,DEFINITE,DEFINITE,SOUND,SOUND,COMPLETE,COMPLETE,TRUE,TRUE,
BR-079-T02,BR-079,Branched,DEFINITE,DEFINITE,SOUND,SOUND,COMPLETE,COMPLETE,TRUE,TRUE,
BR-079-T03,BR-079,Branched,DEFINITE,DEFINITE,SOUND,SOUND,INCOMPLETE,INCOMPLETE,TRUE,TRUE,
BR-080-T01,BR-080,Branched,DEFINITE,DEFINITE,UNSOUND,UNSOUND,COMPLETE,COMPLETE,TRUE,TRUE,
BR-080-T02,BR-080,Branched,DEFINITE,DEFINITE,SOUND,SOUND,COMPLETE,COMPLETE,TRUE,TRUE,
BR-080-T03,BR-080,Branched,DEFINITE,DEFINITE,SOUND,SOUND,COMPLETE,COMPLETE,TRUE,TRUE,
BR-081-T01,BR-081,Branched,DEFINITE,DEFINITE,SOUND,SOUND,COMPLETE,COMPLETE,TRUE,TRUE,
BR-081-T02,BR-081,Branched,DEFINITE,DEFINITE,UNSOUND,UNSOUND,INCOMPLETE,INCOMPLETE,TRUE,TRUE,
BR-081-T03,BR-081,Branched,DEFINITE,DEFINITE,SOUND,SOUND,COMPLETE,COMPLETE,TRUE,TRUE,
BR-082-T01,BR-082,Branched,DEFINITE,DEFINITE,SOUND,SOUND,COMPLETE,COMPLETE,TRUE,TRUE,
BR-082-T02,BR-082,Branched,DEFINITE,DEFINITE,SOUND,SOUND,COMPLETE,COMPLETE,TRUE,TRUE,
BR-082-T03,BR-082,Branched,DEFINITE,DEFINITE,UNSOUND,UNSOUND,COMPLETE,COMPLETE,TRUE,TRUE,
BR-083-T01,BR-083,Branched,DEFINITE,DEFINITE,SOUND,SOUND,INCOMPLETE,INCOMPLETE,TRUE,TRUE,
BR-083-T02,BR-083,Branched,DEFINITE,DEFINITE,SOUND,SOUND,COMPLETE,COMPLETE,TRUE,TRUE,
BR-083-T03,BR-083,Branched,DEFINITE,DEFINITE,SOUND,SOUND,COMPLETE,COMPLETE,TRUE,TRUE,
BR-084-T01,BR-084,Branched,DEFINITE,DEFINITE,UNSOUND,UNSOUND,COMPLETE,COMPLETE,TRUE,TRUE,
BR-084-T02,BR-084,Branched,DEFINITE,DEFINITE,SOUND,SOUND,COMPLETE,COMPLETE,TRUE,TRUE,
BR-084-T03,BR-084,Branched,DEFINITE,DEFINITE,SOUND,SOUND,INCOMPLETE,INCOMPLETE,TRUE,TRUE,
BR-085-T01,BR-085,Branched,DEFINITE,DEFINITE,SOUND,SOUND,COMPLETE,COMPLETE,TRUE,TRUE,
BR-085-T02,BR-085,Branched,DEFINITE,DEFINITE,UNSOUND,UNSOUND,COMPLETE,COMPLETE,TRUE,TRUE,
BR-085-T03,BR-085,Branched,DEFINITE,DEFINITE,SOUND,SOUND,COMPLETE,COMPLETE,TRUE,TRUE,
BR-086-T01,BR-086,Branched,DEFINITE,DEFINITE,SOUND,SOUND,COMPLETE,COMPLETE,TRUE,TRUE,
BR-086-T02,BR-086,Branched,DEFINITE,DEFINITE,SOUND,SOUND,INCOMPLETE,INCOMPLETE,TRUE,TRUE,
BR-086-T03,BR-086,Branched,DEFINITE,DEFINITE,UNSOUND,UNSOUND,COMPLETE,COMPLETE,TRUE,TRUE,
BR-087-T01,BR-087,Branched,DEFINITE,DEFINITE,SOUND,SOUND,COMPLETE,COMPLETE,TRUE,TRUE,
BR-087-T02,BR-087,Branched,DEFINITE,DEFINITE,SOUND,SOUND,COMPLETE,COMPLETE,TRUE,TRUE,
BR-087-T03,BR-087,Branched,DEFINITE,DEFINITE,SOUND,SOUND,COMPLETE,COMPLETE,TRUE,TRUE,
BR-088-T01,BR-088,Branched,DEFINITE,DEFINITE,UNSOUND,UNSOUND,INCOMPLETE,INCOMPLETE,TRUE,TRUE,
BR-088-T02,BR-088,Branched,DEFINITE,DEFINITE,SOUND,SOUND,COMPLETE,COMPLETE,TRUE,TRUE,
BR-088-T03,BR-088,Branched,DEFINITE,DEFINITE,SOUND,SOUND,COMPLETE,COMPLETE,TRUE,TRUE,
BR-089-T01,BR-089,Branched,DEFINITE,DEFINITE,SOUND,SOUND,COMPLETE,COMPLETE,TRUE,TRUE,
BR-089-T02,BR-089,Branched,DEFINITE,DEFINITE,UNSOUND,UNSOUND,COMPLETE,COMPLETE,TRUE,TRUE,
BR-089-T03,BR-089,Branched,DEFINITE,DEFINITE,SOUND,SOUND,INCOMPLETE,INCOMPLETE,TRUE,TRUE,
BR-090-T01,BR-090,Branched,DEFINITE,DEFINITE,SOUND,SOUND,COMPLETE,COMPLETE,TRUE,TRUE,
BR-090-T02,BR-090,Branched,DEFINITE,DEFINITE,SOUND,SOUND,COMPLETE,COMPLETE,TRUE,TRUE,
BR-090-T03,BR-090,Branched,DEFINITE,DEFINITE,UNSOUND,UNSOUND,COMPLETE,COMPLETE,TRUE,TRUE,
BR-091-T01,BR-091,Branched,DEFINITE,DEFINITE,SOUND,SOUND,COMPLETE,COMPLETE,TRUE,TRUE,
BR-091-T02,BR-091,Branched,DEFINITE,DEFINITE,SOUND,SOUND,INCOMPLETE,INCOMPLETE,TRUE,TRUE,
BR-091-T03,BR-091,Branched,DEFINITE,DEFINITE,SOUND,SOUND,COMPLETE,COMPLETE,TRUE,TRUE,
BR-092-T01,BR-092,Branched,DEFINITE,DEFINITE,UNSOUND,UNSOUND,COMPLETE,COMPLETE,TRUE,TRUE,
BR-092-T02,BR-092,Branched,DEFINITE,DEFINITE,SOUND,SOUND,COMPLETE,COMPLETE,TRUE,TRUE,
BR-092-T03,BR-092,Branched,DEFINITE,DEFINITE,SOUND,SOUND,COMPLETE,COMPLETE,TRUE,TRUE,
BR-093-T01,BR-093,Branched,DEFINITE,DEFINITE,SOUND,SOUND,INCOMPLETE,INCOMPLETE,TRUE,TRUE,
BR-093-T02,BR-093,Branched,DEFINITE,DEFINITE,UNSOUND,UNSOUND,COMPLETE,COMPLETE,TRUE,TRUE,
BR-093-T03,BR-093,Branched,DEFINITE,DEFINITE,SOUND,SOUND,COMPLETE,COMPLETE,TRUE,TRUE,
BR-094-T01,BR-094,Branched,DEFINITE,DEFINITE,SOUND,SOUND,COMPLETE,COMPLETE,TRUE,TRUE,
BR-094-T02,BR-094,Branched,DEFINITE,DEFINITE,SOUND,SOUND,COMPLETE,COMPLETE,TRUE,TRUE,
BR-094-T03,BR-094,Branched,DEFINITE,DEFINITE,UNSOUND,UNSOUND,INCOMPLETE,INCOMPLETE,TRUE,TRUE,
BR-095-T01,BR-095,Branched,DEFINITE,DEFINITE,SOUND,SOUND,COMPLETE,COMPLETE,TRUE,TRUE,
BR-095-T02,BR-095,Branched,DEFINITE,DEFINITE,SOUND,SOUND,COMPLETE,COMPLETE,TRUE,TRUE,
BR-095-T03,BR-095,Branched,DEFINITE,DEFINITE,SOUND,SOUND,COMPLETE,COMPLETE,TRUE,TRUE,
BR-096-T01,BR-096,Branched,DEFINITE,DEFINITE,UNSOUND,UNSOUND,COMPLETE,COMPLETE,TRUE,TRUE,
BR-096-T02,BR-096,Branched,DEFINITE,DEFINITE,SOUND,SOUND,INCOMPLETE,INCOMPLETE,TRUE,TRUE,
BR-096-T03,BR-096,Branched,DEFINITE,DEFINITE,SOUND,SOUND,COMPLETE,COMPLETE,TRUE,TRUE,
BR-097-T01,BR-097,Branched,DEFINITE,DEFINITE,SOUND,SOUND,COMPLETE,COMPLETE,TRUE,TRUE,
BR-097-T02,BR-097,Branched,DEFINITE,DEFINITE,UNSOUND,UNSOUND,COMPLETE,COMPLETE,TRUE,TRUE,
BR-097-T03,BR-097,Branched,DEFINITE,DEFINITE,SOUND,SOUND,COMPLETE,COMPLETE,TRUE,TRUE,
BR-098-T01,BR-098,Branched,DEFINITE,DEFINITE,SOUND,SOUND,INCOMPLETE,INCOMPLETE,TRUE,TRUE,
BR-098-T02,BR-098,Branched,DEFINITE,DEFINITE,SOUND,SOUND,COMPLETE,COMPLETE,TRUE,TRUE,
BR-098-T03,BR-098,Branched,DEFINITE,DEFINITE,UNSOUND,UNSOUND,COMPLETE,COMPLETE,TRUE,TRUE,
BR-099-T01,BR-099,Branched,INCONCLUSIVE,INCONCLUSIVE,INCONCLUSIVE,INCONCLUSIVE,INCONCLUSIVE,INCONCLUSIVE,NOT_APPLICABLE,NOT_APPLICABLE,MALFORMED_FSF
BR-099-T02,BR-099,Branched,INCONCLUSIVE,INCONCLUSIVE,INCONCLUSIVE,INCONCLUSIVE,INCONCLUSIVE,INCONCLUSIVE,NOT_APPLICABLE,NOT_APPLICABLE,UNSUPPORTED_SYMBOL
BR-099-T03,BR-099,Branched,INCONCLUSIVE,INCONCLUSIVE,INCONCLUSIVE,INCONCLUSIVE,INCONCLUSIVE,INCONCLUSIVE,NOT_APPLICABLE,NOT_APPLICABLE,EXPRESSION_TRANSLATION_ERROR
BR-100-T01,BR-100,Branched,INCONCLUSIVE,INCONCLUSIVE,INCONCLUSIVE,INCONCLUSIVE,INCONCLUSIVE,INCONCLUSIVE,NOT_APPLICABLE,NOT_APPLICABLE,TOOL_EXCEPTION
BR-100-T02,BR-100,Branched,INCONCLUSIVE,INCONCLUSIVE,INCONCLUSIVE,INCONCLUSIVE,INCONCLUSIVE,INCONCLUSIVE,NOT_APPLICABLE,NOT_APPLICABLE,MALFORMED_FSF
BR-100-T03,BR-100,Branched,INCONCLUSIVE,INCONCLUSIVE,INCONCLUSIVE,INCONCLUSIVE,INCONCLUSIVE,INCONCLUSIVE,NOT_APPLICABLE,NOT_APPLICABLE,UNSUPPORTED_SYMBOL
SQ-001-T01,SQ-001,Sequential,DEFINITE,DEFINITE,SOUND,SOUND,COMPLETE,COMPLETE,TRUE,TRUE,
SQ-001-T02,SQ-001,Sequential,DEFINITE,DEFINITE,SOUND,SOUND,COMPLETE,COMPLETE,TRUE,TRUE,
SQ-001-T03,SQ-001,Sequential,DEFINITE,DEFINITE,SOUND,SOUND,COMPLETE,COMPLETE,TRUE,TRUE,
SQ-002-T01,SQ-002,Sequential,DEFINITE,DEFINITE,UNSOUND,UNSOUND,COMPLETE,COMPLETE,TRUE,TRUE,
SQ-002-T02,SQ-002,Sequential,DEFINITE,DEFINITE,SOUND,SOUND,INCOMPLETE,INCOMPLETE,TRUE,TRUE,
SQ-002-T03,SQ-002,Sequential,DEFINITE,DEFINITE,SOUND,SOUND,COMPLETE,COMPLETE,TRUE,TRUE,
SQ-003-T01,SQ-003,Sequential,DEFINITE,DEFINITE,SOUND,SOUND,COMPLETE,COMPLETE,TRUE,TRUE,
SQ-003-T02,SQ-003,Sequential,DEFINITE,DEFINITE,UNSOUND,UNSOUND,COMPLETE,COMPLETE,TRUE,TRUE,
SQ-003-T03,SQ-003,Sequential,DEFINITE,DEFINITE,SOUND,SOUND,COMPLETE,COMPLETE,TRUE,TRUE,
SQ-004-T01,SQ-004,Sequential,DEFINITE,DEFINITE,SOUND,SOUND,INCOMPLETE,INCOMPLETE,TRUE,TRUE,
SQ-004-T02,SQ-004,Sequential,DEFINITE,DEFINITE,SOUND,SOUND,COMPLETE,COMPLETE,TRUE,TRUE,
SQ-004-T03,SQ-004,Sequential,DEFINITE,DEFINITE,UNSOUND,UNSOUND,COMPLETE,COMPLETE,TRUE,TRUE,
SQ-005-T01,SQ-005,Sequential,DEFINITE,DEFINITE,SOUND,SOUND,COMPLETE,COMPLETE,TRUE,TRUE,
SQ-005-T02,SQ-005,Sequential,DEFINITE,DEFINITE,SOUND,SOUND,COMPLETE,COMPLETE,TRUE,TRUE,
SQ-005-T03,SQ-005,Sequential,DEFINITE,DEFINITE,SOUND,SOUND,INCOMPLETE,INCOMPLETE,TRUE,TRUE,
SQ-006-T01,SQ-006,Sequential,DEFINITE,DEFINITE,UNSOUND,UNSOUND,COMPLETE,COMPLETE,TRUE,TRUE,
SQ-006-T02,SQ-006,Sequential,DEFINITE,DEFINITE,SOUND,SOUND,COMPLETE,COMPLETE,TRUE,TRUE,
SQ-006-T03,SQ-006,Sequential,DEFINITE,DEFINITE,SOUND,SOUND,COMPLETE,COMPLETE,TRUE,TRUE,
SQ-007-T01,SQ-007,Sequential,DEFINITE,DEFINITE,SOUND,SOUND,COMPLETE,COMPLETE,TRUE,TRUE,
SQ-007-T02,SQ-007,Sequential,DEFINITE,DEFINITE,UNSOUND,UNSOUND,INCOMPLETE,INCOMPLETE,TRUE,TRUE,
SQ-007-T03,SQ-007,Sequential,DEFINITE,DEFINITE,SOUND,SOUND,COMPLETE,COMPLETE,TRUE,TRUE,
SQ-008-T01,SQ-008,Sequential,DEFINITE,DEFINITE,SOUND,SOUND,COMPLETE,COMPLETE,TRUE,TRUE,
SQ-008-T02,SQ-008,Sequential,DEFINITE,DEFINITE,SOUND,SOUND,COMPLETE,COMPLETE,TRUE,TRUE,
SQ-008-T03,SQ-008,Sequential,DEFINITE,DEFINITE,UNSOUND,UNSOUND,COMPLETE,COMPLETE,TRUE,TRUE,
SQ-009-T01,SQ-009,Sequential,DEFINITE,DEFINITE,SOUND,SOUND,INCOMPLETE,INCOMPLETE,TRUE,TRUE,
SQ-009-T02,SQ-009,Sequential,DEFINITE,DEFINITE,SOUND,SOUND,COMPLETE,COMPLETE,TRUE,TRUE,
SQ-009-T03,SQ-009,Sequential,DEFINITE,DEFINITE,SOUND,SOUND,COMPLETE,COMPLETE,TRUE,TRUE,
SQ-010-T01,SQ-010,Sequential,DEFINITE,DEFINITE,UNSOUND,UNSOUND,COMPLETE,COMPLETE,TRUE,TRUE,
SQ-010-T02,SQ-010,Sequential,DEFINITE,DEFINITE,SOUND,SOUND,COMPLETE,COMPLETE,TRUE,TRUE,
SQ-010-T03,SQ-010,Sequential,DEFINITE,DEFINITE,SOUND,SOUND,INCOMPLETE,INCOMPLETE,TRUE,TRUE,
SQ-011-T01,SQ-011,Sequential,DEFINITE,DEFINITE,SOUND,SOUND,COMPLETE,COMPLETE,TRUE,TRUE,
SQ-011-T02,SQ-011,Sequential,DEFINITE,DEFINITE,UNSOUND,UNSOUND,COMPLETE,COMPLETE,TRUE,TRUE,
SQ-011-T03,SQ-011,Sequential,DEFINITE,DEFINITE,SOUND,SOUND,COMPLETE,COMPLETE,TRUE,TRUE,
SQ-012-T01,SQ-012,Sequential,DEFINITE,DEFINITE,SOUND,SOUND,COMPLETE,COMPLETE,TRUE,TRUE,
SQ-012-T02,SQ-012,Sequential,DEFINITE,DEFINITE,SOUND,SOUND,INCOMPLETE,INCOMPLETE,TRUE,TRUE,
SQ-013-T01,SQ-013,Sequential,DEFINITE,DEFINITE,UNSOUND,UNSOUND,COMPLETE,COMPLETE,TRUE,TRUE,
SQ-013-T02,SQ-013,Sequential,DEFINITE,DEFINITE,SOUND,SOUND,COMPLETE,COMPLETE,TRUE,TRUE,
SQ-014-T01,SQ-014,Sequential,DEFINITE,DEFINITE,SOUND,SOUND,COMPLETE,COMPLETE,TRUE,TRUE,
SQ-014-T02,SQ-014,Sequential,DEFINITE,DEFINITE,SOUND,SOUND,COMPLETE,COMPLETE,TRUE,TRUE,
SQ-015-T01,SQ-015,Sequential,DEFINITE,DEFINITE,UNSOUND,UNSOUND,INCOMPLETE,INCOMPLETE,TRUE,TRUE,
SQ-015-T02,SQ-015,Sequential,DEFINITE,DEFINITE,SOUND,SOUND,COMPLETE,COMPLETE,TRUE,TRUE,
SQ-016-T01,SQ-016,Sequential,DEFINITE,DEFINITE,SOUND,SOUND,COMPLETE,COMPLETE,TRUE,TRUE,
SQ-016-T02,SQ-016,Sequential,DEFINITE,DEFINITE,SOUND,SOUND,COMPLETE,COMPLETE,TRUE,TRUE,
SQ-017-T01,SQ-017,Sequential,DEFINITE,DEFINITE,UNSOUND,UNSOUND,COMPLETE,COMPLETE,TRUE,TRUE,
SQ-017-T02,SQ-017,Sequential,DEFINITE,DEFINITE,SOUND,SOUND,INCOMPLETE,INCOMPLETE,TRUE,TRUE,
SQ-018-T01,SQ-018,Sequential,DEFINITE,DEFINITE,SOUND,SOUND,COMPLETE,COMPLETE,TRUE,TRUE,
SQ-018-T02,SQ-018,Sequential,DEFINITE,DEFINITE,SOUND,SOUND,COMPLETE,COMPLETE,TRUE,TRUE,
SQ-019-T01,SQ-019,Sequential,DEFINITE,DEFINITE,UNSOUND,UNSOUND,COMPLETE,COMPLETE,TRUE,TRUE,
SQ-019-T02,SQ-019,Sequential,DEFINITE,DEFINITE,SOUND,SOUND,COMPLETE,COMPLETE,TRUE,TRUE,
SQ-020-T01,SQ-020,Sequential,DEFINITE,DEFINITE,SOUND,SOUND,INCOMPLETE,INCOMPLETE,TRUE,TRUE,
SQ-020-T02,SQ-020,Sequential,DEFINITE,DEFINITE,SOUND,SOUND,COMPLETE,COMPLETE,TRUE,TRUE,
SQ-021-T01,SQ-021,Sequential,DEFINITE,DEFINITE,UNSOUND,UNSOUND,COMPLETE,COMPLETE,TRUE,TRUE,
SQ-021-T02,SQ-021,Sequential,DEFINITE,DEFINITE,SOUND,SOUND,COMPLETE,COMPLETE,TRUE,TRUE,
SQ-022-T01,SQ-022,Sequential,DEFINITE,DEFINITE,SOUND,SOUND,COMPLETE,COMPLETE,TRUE,TRUE,
SQ-022-T02,SQ-022,Sequential,DEFINITE,DEFINITE,SOUND,SOUND,INCOMPLETE,INCOMPLETE,TRUE,TRUE,
SQ-023-T01,SQ-023,Sequential,DEFINITE,DEFINITE,UNSOUND,UNSOUND,COMPLETE,COMPLETE,TRUE,TRUE,
SQ-023-T02,SQ-023,Sequential,DEFINITE,DEFINITE,SOUND,SOUND,COMPLETE,COMPLETE,TRUE,TRUE,
SQ-024-T01,SQ-024,Sequential,DEFINITE,DEFINITE,SOUND,SOUND,COMPLETE,COMPLETE,TRUE,TRUE,
SQ-024-T02,SQ-024,Sequential,DEFINITE,DEFINITE,SOUND,SOUND,COMPLETE,COMPLETE,TRUE,TRUE,
SQ-025-T01,SQ-025,Sequential,DEFINITE,DEFINITE,UNSOUND,UNSOUND,INCOMPLETE,INCOMPLETE,TRUE,TRUE,
SQ-025-T02,SQ-025,Sequential,DEFINITE,DEFINITE,SOUND,SOUND,COMPLETE,COMPLETE,TRUE,TRUE,
SQ-026-T01,SQ-026,Sequential,DEFINITE,DEFINITE,SOUND,SOUND,COMPLETE,COMPLETE,TRUE,TRUE,
SQ-026-T02,SQ-026,Sequential,DEFINITE,DEFINITE,SOUND,SOUND,COMPLETE,COMPLETE,TRUE,TRUE,
SQ-027-T01,SQ-027,Sequential,DEFINITE,DEFINITE,UNSOUND,UNSOUND,COMPLETE,COMPLETE,TRUE,TRUE,
SQ-027-T02,SQ-027,Sequential,DEFINITE,DEFINITE,SOUND,SOUND,INCOMPLETE,INCOMPLETE,TRUE,TRUE,
SQ-028-T01,SQ-028,Sequential,DEFINITE,DEFINITE,SOUND,SOUND,COMPLETE,COMPLETE,TRUE,TRUE,
SQ-028-T02,SQ-028,Sequential,DEFINITE,DEFINITE,SOUND,SOUND,COMPLETE,COMPLETE,TRUE,TRUE,
SQ-029-T01,SQ-029,Sequential,DEFINITE,DEFINITE,UNSOUND,UNSOUND,COMPLETE,COMPLETE,TRUE,TRUE,
SQ-029-T02,SQ-029,Sequential,DEFINITE,DEFINITE,SOUND,SOUND,COMPLETE,COMPLETE,TRUE,TRUE,
SQ-030-T01,SQ-030,Sequential,DEFINITE,DEFINITE,SOUND,SOUND,INCOMPLETE,INCOMPLETE,TRUE,TRUE,
SQ-030-T02,SQ-030,Sequential,DEFINITE,DEFINITE,SOUND,SOUND,COMPLETE,COMPLETE,TRUE,TRUE,
SQ-031-T01,SQ-031,Sequential,DEFINITE,DEFINITE,UNSOUND,UNSOUND,COMPLETE,COMPLETE,TRUE,TRUE,
SQ-031-T02,SQ-031,Sequential,DEFINITE,DEFINITE,SOUND,SOUND,COMPLETE,COMPLETE,TRUE,TRUE,
SQ-032-T01,SQ-032,Sequential,DEFINITE,DEFINITE,SOUND,SOUND,COMPLETE,COMPLETE,TRUE,TRUE,
SQ-032-T02,SQ-032,Sequential,DEFINITE,DEFINITE,SOUND,SOUND,INCOMPLETE,INCOMPLETE,TRUE,TRUE,
SQ-033-T01,SQ-033,Sequential,DEFINITE,DEFINITE,UNSOUND,UNSOUND,COMPLETE,COMPLETE,TRUE,TRUE,
SQ-033-T02,SQ-033,Sequential,DEFINITE,DEFINITE,SOUND,SOUND,COMPLETE,COMPLETE,TRUE,TRUE,
SQ-034-T01,SQ-034,Sequential,DEFINITE,DEFINITE,SOUND,SOUND,COMPLETE,COMPLETE,TRUE,TRUE,
SQ-034-T02,SQ-034,Sequential,DEFINITE,DEFINITE,SOUND,SOUND,COMPLETE,COMPLETE,TRUE,TRUE,
SQ-035-T01,SQ-035,Sequential,DEFINITE,DEFINITE,UNSOUND,UNSOUND,INCOMPLETE,INCOMPLETE,TRUE,TRUE,
SQ-035-T02,SQ-035,Sequential,DEFINITE,DEFINITE,SOUND,SOUND,COMPLETE,COMPLETE,TRUE,TRUE,
SQ-036-T01,SQ-036,Sequential,DEFINITE,DEFINITE,SOUND,SOUND,COMPLETE,COMPLETE,TRUE,TRUE,
SQ-036-T02,SQ-036,Sequential,DEFINITE,DEFINITE,SOUND,SOUND,COMPLETE,COMPLETE,TRUE,TRUE,
SQ-037-T01,SQ-037,Sequential,DEFINITE,DEFINITE,UNSOUND,UNSOUND,COMPLETE,COMPLETE,TRUE,TRUE,
SQ-037-T02,SQ-037,Sequential,DEFINITE,DEFINITE,SOUND,SOUND,INCOMPLETE,INCOMPLETE,TRUE,TRUE,
SQ-038-T01,SQ-038,Sequential,DEFINITE,DEFINITE,SOUND,SOUND,COMPLETE,COMPLETE,TRUE,TRUE,
SQ-038-T02,SQ-038,Sequential,DEFINITE,DEFINITE,SOUND,SOUND,COMPLETE,COMPLETE,TRUE,TRUE,
SQ-039-T01,SQ-039,Sequential,DEFINITE,DEFINITE,UNSOUND,UNSOUND,COMPLETE,COMPLETE,TRUE,TRUE,
SQ-039-T02,SQ-039,Sequential,DEFINITE,DEFINITE,SOUND,SOUND,COMPLETE,COMPLETE,TRUE,TRUE,
SQ-040-T01,SQ-040,Sequential,DEFINITE,DEFINITE,SOUND,SOUND,INCOMPLETE,INCOMPLETE,TRUE,TRUE,
SQ-040-T02,SQ-040,Sequential,DEFINITE,DEFINITE,SOUND,SOUND,COMPLETE,COMPLETE,TRUE,TRUE,
SQ-041-T01,SQ-041,Sequential,DEFINITE,DEFINITE,UNSOUND,UNSOUND,COMPLETE,COMPLETE,TRUE,TRUE,
SQ-041-T02,SQ-041,Sequential,DEFINITE,DEFINITE,SOUND,SOUND,COMPLETE,COMPLETE,TRUE,TRUE,
SQ-042-T01,SQ-042,Sequential,DEFINITE,DEFINITE,SOUND,SOUND,COMPLETE,COMPLETE,TRUE,TRUE,
SQ-042-T02,SQ-042,Sequential,DEFINITE,DEFINITE,SOUND,SOUND,INCOMPLETE,INCOMPLETE,TRUE,TRUE,
SQ-043-T01,SQ-043,Sequential,DEFINITE,DEFINITE,UNSOUND,UNSOUND,COMPLETE,COMPLETE,TRUE,TRUE,
SQ-043-T02,SQ-043,Sequential,DEFINITE,DEFINITE,SOUND,SOUND,COMPLETE,COMPLETE,TRUE,TRUE,
SQ-044-T01,SQ-044,Sequential,DEFINITE,DEFINITE,SOUND,SOUND,COMPLETE,COMPLETE,TRUE,TRUE,
SQ-044-T02,SQ-044,Sequential,DEFINITE,DEFINITE,SOUND,SOUND,COMPLETE,COMPLETE,TRUE,TRUE,
SQ-045-T01,SQ-045,Sequential,DEFINITE,DEFINITE,UNSOUND,UNSOUND,INCOMPLETE,INCOMPLETE,TRUE,TRUE,
SQ-045-T02,SQ-045,Sequential,DEFINITE,DEFINITE,SOUND,SOUND,COMPLETE,COMPLETE,TRUE,TRUE,
SQ-046-T01,SQ-046,Sequential,DEFINITE,DEFINITE,SOUND,SOUND,COMPLETE,COMPLETE,TRUE,TRUE,
SQ-046-T02,SQ-046,Sequential,DEFINITE,DEFINITE,SOUND,SOUND,COMPLETE,COMPLETE,TRUE,TRUE,
SQ-047-T01,SQ-047,Sequential,DEFINITE,DEFINITE,UNSOUND,UNSOUND,COMPLETE,COMPLETE,TRUE,TRUE,
SQ-047-T02,SQ-047,Sequential,DEFINITE,DEFINITE,SOUND,SOUND,INCOMPLETE,INCOMPLETE,TRUE,TRUE,
SQ-048-T01,SQ-048,Sequential,DEFINITE,DEFINITE,SOUND,SOUND,COMPLETE,COMPLETE,TRUE,TRUE,
SQ-048-T02,SQ-048,Sequential,DEFINITE,DEFINITE,SOUND,SOUND,COMPLETE,COMPLETE,TRUE,TRUE,
SQ-049-T01,SQ-049,Sequential,DEFINITE,DEFINITE,UNSOUND,UNSOUND,COMPLETE,COMPLETE,TRUE,TRUE,
SQ-049-T02,SQ-049,Sequential,DEFINITE,DEFINITE,SOUND,SOUND,COMPLETE,COMPLETE,TRUE,TRUE,
SQ-050-T01,SQ-050,Sequential,DEFINITE,DEFINITE,SOUND,SOUND,INCOMPLETE,INCOMPLETE,TRUE,TRUE,
SQ-050-T02,SQ-050,Sequential,DEFINITE,DEFINITE,SOUND,SOUND,COMPLETE,COMPLETE,TRUE,TRUE,
SQ-051-T01,SQ-051,Sequential,DEFINITE,DEFINITE,UNSOUND,UNSOUND,COMPLETE,COMPLETE,TRUE,TRUE,
SQ-051-T02,SQ-051,Sequential,DEFINITE,DEFINITE,SOUND,SOUND,COMPLETE,COMPLETE,TRUE,TRUE,
SQ-052-T01,SQ-052,Sequential,DEFINITE,DEFINITE,SOUND,SOUND,COMPLETE,COMPLETE,TRUE,TRUE,
SQ-052-T02,SQ-052,Sequential,DEFINITE,DEFINITE,SOUND,SOUND,INCOMPLETE,INCOMPLETE,TRUE,TRUE,
SQ-053-T01,SQ-053,Sequential,DEFINITE,DEFINITE,UNSOUND,UNSOUND,COMPLETE,COMPLETE,TRUE,TRUE,
SQ-053-T02,SQ-053,Sequential,DEFINITE,DEFINITE,SOUND,SOUND,COMPLETE,COMPLETE,TRUE,TRUE,
SQ-054-T01,SQ-054,Sequential,DEFINITE,DEFINITE,SOUND,SOUND,COMPLETE,COMPLETE,TRUE,TRUE,
SQ-054-T02,SQ-054,Sequential,DEFINITE,DEFINITE,SOUND,SOUND,COMPLETE,COMPLETE,TRUE,TRUE,
SQ-055-T01,SQ-055,Sequential,DEFINITE,DEFINITE,UNSOUND,UNSOUND,INCOMPLETE,INCOMPLETE,TRUE,TRUE,
SQ-055-T02,SQ-055,Sequential,DEFINITE,DEFINITE,SOUND,SOUND,COMPLETE,COMPLETE,TRUE,TRUE,
SQ-056-T01,SQ-056,Sequential,DEFINITE,DEFINITE,SOUND,SOUND,COMPLETE,COMPLETE,TRUE,TRUE,
SQ-056-T02,SQ-056,Sequential,DEFINITE,DEFINITE,SOUND,SOUND,COMPLETE,COMPLETE,TRUE,TRUE,
SQ-057-T01,SQ-057,Sequential,DEFINITE,DEFINITE,UNSOUND,UNSOUND,COMPLETE,COMPLETE,TRUE,TRUE,
SQ-057-T02,SQ-057,Sequential,DEFINITE,DEFINITE,SOUND,SOUND,INCOMPLETE,INCOMPLETE,TRUE,TRUE,
SQ-058-T01,SQ-058,Sequential,DEFINITE,DEFINITE,SOUND,SOUND,COMPLETE,COMPLETE,TRUE,TRUE,
SQ-058-T02,SQ-058,Sequential,DEFINITE,DEFINITE,SOUND,SOUND,COMPLETE,COMPLETE,TRUE,TRUE,
SQ-059-T01,SQ-059,Sequential,DEFINITE,DEFINITE,UNSOUND,UNSOUND,COMPLETE,COMPLETE,TRUE,TRUE,
SQ-059-T02,SQ-059,Sequential,DEFINITE,DEFINITE,SOUND,SOUND,COMPLETE,COMPLETE,TRUE,TRUE,
SQ-060-T01,SQ-060,Sequential,DEFINITE,DEFINITE,SOUND,SOUND,INCOMPLETE,INCOMPLETE,TRUE,TRUE,
SQ-060-T02,SQ-060,Sequential,DEFINITE,DEFINITE,SOUND,SOUND,COMPLETE,COMPLETE,TRUE,TRUE,
SQ-061-T01,SQ-061,Sequential,DEFINITE,DEFINITE,UNSOUND,UNSOUND,COMPLETE,COMPLETE,TRUE,TRUE,
SQ-061-T02,SQ-061,Sequential,DEFINITE,DEFINITE,SOUND,SOUND,COMPLETE,COMPLETE,TRUE,TRUE,
SQ-062-T01,SQ-062,Sequential,INCONCLUSIVE,INCONCLUSIVE,INCONCLUSIVE,INCONCLUSIVE,INCONCLUSIVE,INCONCLUSIVE,NOT_APPLICABLE,NOT_APPLICABLE,MALFORMED_FSF
SQ-062-T02,SQ-062,Sequential,INCONCLUSIVE,INCONCLUSIVE,INCONCLUSIVE,INCONCLUSIVE,INCONCLUSIVE,INCONCLUSIVE,NOT_APPLICABLE,NOT_APPLICABLE,UNSUPPORTED_SYMBOL
SQ-063-T01,SQ-063,Sequential,INCONCLUSIVE,INCONCLUSIVE,INCONCLUSIVE,INCONCLUSIVE,INCONCLUSIVE,INCONCLUSIVE,NOT_APPLICABLE,NOT_APPLICABLE,EXPRESSION_TRANSLATION_ERROR
SQ-063-T02,SQ-063,Sequential,INCONCLUSIVE,INCONCLUSIVE,INCONCLUSIVE,INCONCLUSIVE,INCONCLUSIVE,INCONCLUSIVE,NOT_APPLICABLE,NOT_APPLICABLE,TOOL_EXCEPTION
SL-001-T01,SL-001,Single-path-Loop,DEFINITE,DEFINITE,SOUND,SOUND,COMPLETE,COMPLETE,TRUE,TRUE,
SL-001-T02,SL-001,Single-path-Loop,DEFINITE,DEFINITE,SOUND,SOUND,COMPLETE,COMPLETE,TRUE,TRUE,
SL-001-T03,SL-001,Single-path-Loop,DEFINITE,DEFINITE,UNSOUND,UNSOUND,COMPLETE,COMPLETE,TRUE,TRUE,
SL-002-T01,SL-002,Single-path-Loop,DEFINITE,DEFINITE,SOUND,SOUND,INCOMPLETE,INCOMPLETE,TRUE,TRUE,
SL-002-T02,SL-002,Single-path-Loop,DEFINITE,DEFINITE,SOUND,SOUND,COMPLETE,COMPLETE,TRUE,TRUE,
SL-002-T03,SL-002,Single-path-Loop,DEFINITE,DEFINITE,SOUND,SOUND,COMPLETE,COMPLETE,TRUE,TRUE,
SL-003-T01,SL-003,Single-path-Loop,DEFINITE,DEFINITE,UNSOUND,UNSOUND,COMPLETE,COMPLETE,TRUE,TRUE,
SL-003-T02,SL-003,Single-path-Loop,DEFINITE,DEFINITE,SOUND,SOUND,COMPLETE,COMPLETE,TRUE,TRUE,
SL-003-T03,SL-003,Single-path-Loop,DEFINITE,DEFINITE,SOUND,SOUND,INCOMPLETE,INCOMPLETE,TRUE,TRUE,
SL-004-T01,SL-004,Single-path-Loop,DEFINITE,DEFINITE,SOUND,SOUND,COMPLETE,COMPLETE,TRUE,TRUE,
SL-004-T02,SL-004,Single-path-Loop,DEFINITE,DEFINITE,UNSOUND,UNSOUND,COMPLETE,COMPLETE,TRUE,TRUE,
SL-004-T03,SL-004,Single-path-Loop,DEFINITE,DEFINITE,SOUND,SOUND,COMPLETE,COMPLETE,TRUE,TRUE,
SL-005-T01,SL-005,Single-path-Loop,DEFINITE,DEFINITE,SOUND,SOUND,COMPLETE,COMPLETE,TRUE,TRUE,
SL-005-T02,SL-005,Single-path-Loop,DEFINITE,DEFINITE,SOUND,SOUND,INCOMPLETE,INCOMPLETE,TRUE,TRUE,
SL-005-T03,SL-005,Single-path-Loop,DEFINITE,DEFINITE,UNSOUND,UNSOUND,COMPLETE,COMPLETE,TRUE,TRUE,
SL-006-T01,SL-006,Single-path-Loop,DEFINITE,DEFINITE,SOUND,SOUND,COMPLETE,COMPLETE,TRUE,TRUE,
SL-006-T02,SL-006,Single-path-Loop,DEFINITE,DEFINITE,SOUND,SOUND,COMPLETE,COMPLETE,TRUE,TRUE,
SL-006-T03,SL-006,Single-path-Loop,DEFINITE,DEFINITE,SOUND,SOUND,COMPLETE,COMPLETE,TRUE,TRUE,
SL-007-T01,SL-007,Single-path-Loop,DEFINITE,DEFINITE,UNSOUND,UNSOUND,INCOMPLETE,INCOMPLETE,TRUE,TRUE,
SL-007-T02,SL-007,Single-path-Loop,DEFINITE,DEFINITE,SOUND,SOUND,COMPLETE,COMPLETE,TRUE,TRUE,
SL-007-T03,SL-007,Single-path-Loop,DEFINITE,DEFINITE,SOUND,SOUND,COMPLETE,COMPLETE,TRUE,TRUE,
SL-008-T01,SL-008,Single-path-Loop,DEFINITE,DEFINITE,SOUND,SOUND,COMPLETE,COMPLETE,TRUE,TRUE,
SL-008-T02,SL-008,Single-path-Loop,DEFINITE,DEFINITE,UNSOUND,UNSOUND,COMPLETE,COMPLETE,TRUE,TRUE,
SL-008-T03,SL-008,Single-path-Loop,DEFINITE,DEFINITE,SOUND,SOUND,INCOMPLETE,INCOMPLETE,TRUE,TRUE,
SL-009-T01,SL-009,Single-path-Loop,DEFINITE,DEFINITE,SOUND,SOUND,COMPLETE,COMPLETE,TRUE,TRUE,
SL-009-T02,SL-009,Single-path-Loop,DEFINITE,DEFINITE,SOUND,SOUND,COMPLETE,COMPLETE,TRUE,TRUE,
SL-009-T03,SL-009,Single-path-Loop,DEFINITE,DEFINITE,UNSOUND,UNSOUND,COMPLETE,COMPLETE,TRUE,TRUE,
SL-010-T01,SL-010,Single-path-Loop,DEFINITE,DEFINITE,SOUND,SOUND,COMPLETE,COMPLETE,TRUE,TRUE,
SL-010-T02,SL-010,Single-path-Loop,DEFINITE,DEFINITE,SOUND,SOUND,INCOMPLETE,INCOMPLETE,TRUE,TRUE,
SL-010-T03,SL-010,Single-path-Loop,DEFINITE,DEFINITE,SOUND,SOUND,COMPLETE,COMPLETE,TRUE,TRUE,
SL-011-T01,SL-011,Single-path-Loop,DEFINITE,DEFINITE,UNSOUND,UNSOUND,COMPLETE,COMPLETE,TRUE,TRUE,
SL-011-T02,SL-011,Single-path-Loop,DEFINITE,DEFINITE,SOUND,SOUND,COMPLETE,COMPLETE,TRUE,TRUE,
SL-011-T03,SL-011,Single-path-Loop,DEFINITE,DEFINITE,SOUND,SOUND,COMPLETE,COMPLETE,TRUE,TRUE,
SL-012-T01,SL-012,Single-path-Loop,DEFINITE,DEFINITE,SOUND,SOUND,INCOMPLETE,INCOMPLETE,TRUE,TRUE,
SL-012-T02,SL-012,Single-path-Loop,DEFINITE,DEFINITE,UNSOUND,UNSOUND,COMPLETE,COMPLETE,TRUE,TRUE,
SL-012-T03,SL-012,Single-path-Loop,DEFINITE,DEFINITE,SOUND,SOUND,COMPLETE,COMPLETE,TRUE,TRUE,
SL-013-T01,SL-013,Single-path-Loop,DEFINITE,DEFINITE,SOUND,SOUND,COMPLETE,COMPLETE,TRUE,TRUE,
SL-013-T02,SL-013,Single-path-Loop,DEFINITE,DEFINITE,SOUND,SOUND,COMPLETE,COMPLETE,TRUE,TRUE,
SL-013-T03,SL-013,Single-path-Loop,DEFINITE,DEFINITE,UNSOUND,UNSOUND,INCOMPLETE,INCOMPLETE,TRUE,TRUE,
SL-014-T01,SL-014,Single-path-Loop,DEFINITE,DEFINITE,SOUND,SOUND,COMPLETE,COMPLETE,TRUE,TRUE,
SL-014-T02,SL-014,Single-path-Loop,DEFINITE,DEFINITE,SOUND,SOUND,COMPLETE,COMPLETE,TRUE,TRUE,
SL-014-T03,SL-014,Single-path-Loop,DEFINITE,DEFINITE,SOUND,SOUND,COMPLETE,COMPLETE,TRUE,TRUE,
SL-015-T01,SL-015,Single-path-Loop,DEFINITE,DEFINITE,UNSOUND,UNSOUND,COMPLETE,COMPLETE,TRUE,TRUE,
SL-015-T02,SL-015,Single-path-Loop,DEFINITE,DEFINITE,SOUND,SOUND,INCOMPLETE,INCOMPLETE,TRUE,TRUE,
SL-015-T03,SL-015,Single-path-Loop,DEFINITE,DEFINITE,SOUND,SOUND,COMPLETE,COMPLETE,TRUE,TRUE,
SL-016-T01,SL-016,Single-path-Loop,DEFINITE,DEFINITE,SOUND,SOUND,COMPLETE,COMPLETE,TRUE,TRUE,
SL-016-T02,SL-016,Single-path-Loop,DEFINITE,DEFINITE,UNSOUND,UNSOUND,COMPLETE,COMPLETE,TRUE,TRUE,
SL-017-T01,SL-017,Single-path-Loop,DEFINITE,DEFINITE,SOUND,SOUND,COMPLETE,COMPLETE,TRUE,TRUE,
SL-017-T02,SL-017,Single-path-Loop,DEFINITE,DEFINITE,SOUND,SOUND,INCOMPLETE,INCOMPLETE,TRUE,TRUE,
SL-018-T01,SL-018,Single-path-Loop,DEFINITE,DEFINITE,SOUND,SOUND,COMPLETE,COMPLETE,TRUE,TRUE,
SL-018-T02,SL-018,Single-path-Loop,DEFINITE,DEFINITE,UNSOUND,UNSOUND,COMPLETE,COMPLETE,TRUE,TRUE,
SL-019-T01,SL-019,Single-path-Loop,DEFINITE,DEFINITE,SOUND,SOUND,COMPLETE,COMPLETE,TRUE,TRUE,
SL-019-T02,SL-019,Single-path-Loop,DEFINITE,DEFINITE,SOUND,SOUND,COMPLETE,COMPLETE,TRUE,TRUE,
SL-020-T01,SL-020,Single-path-Loop,INCONCLUSIVE,INCONCLUSIVE,INCONCLUSIVE,INCONCLUSIVE,INCONCLUSIVE,INCONCLUSIVE,NOT_APPLICABLE,NOT_APPLICABLE,MALFORMED_FSF
SL-020-T02,SL-020,Single-path-Loop,INCONCLUSIVE,INCONCLUSIVE,INCONCLUSIVE,INCONCLUSIVE,INCONCLUSIVE,INCONCLUSIVE,NOT_APPLICABLE,NOT_APPLICABLE,UNSUPPORTED_SYMBOL
SL-021-T01,SL-021,Single-path-Loop,INCONCLUSIVE,INCONCLUSIVE,INCONCLUSIVE,INCONCLUSIVE,INCONCLUSIVE,INCONCLUSIVE,NOT_APPLICABLE,NOT_APPLICABLE,EXPRESSION_TRANSLATION_ERROR
SL-021-T02,SL-021,Single-path-Loop,INCONCLUSIVE,INCONCLUSIVE,INCONCLUSIVE,INCONCLUSIVE,INCONCLUSIVE,INCONCLUSIVE,NOT_APPLICABLE,NOT_APPLICABLE,TOOL_EXCEPTION
ML-001-T01,ML-001,Multi-path-Loop,DEFINITE,DEFINITE,SOUND,SOUND,COMPLETE,COMPLETE,TRUE,TRUE,
ML-001-T02,ML-001,Multi-path-Loop,DEFINITE,DEFINITE,UNSOUND,UNSOUND,COMPLETE,COMPLETE,TRUE,TRUE,
ML-001-T03,ML-001,Multi-path-Loop,DEFINITE,DEFINITE,SOUND,SOUND,INCOMPLETE,INCOMPLETE,TRUE,TRUE,
ML-001-T04,ML-001,Multi-path-Loop,DEFINITE,DEFINITE,SOUND,SOUND,COMPLETE,COMPLETE,TRUE,TRUE,
ML-002-T01,ML-002,Multi-path-Loop,DEFINITE,DEFINITE,SOUND,SOUND,COMPLETE,COMPLETE,TRUE,TRUE,
ML-002-T02,ML-002,Multi-path-Loop,DEFINITE,DEFINITE,UNSOUND,UNSOUND,COMPLETE,COMPLETE,TRUE,TRUE,
ML-002-T03,ML-002,Multi-path-Loop,DEFINITE,DEFINITE,SOUND,SOUND,COMPLETE,COMPLETE,TRUE,TRUE,
ML-002-T04,ML-002,Multi-path-Loop,DEFINITE,DEFINITE,SOUND,SOUND,INCOMPLETE,INCOMPLETE,TRUE,TRUE,
ML-003-T01,ML-003,Multi-path-Loop,DEFINITE,DEFINITE,SOUND,SOUND,COMPLETE,COMPLETE,TRUE,TRUE,
ML-003-T02,ML-003,Multi-path-Loop,DEFINITE,DEFINITE,UNSOUND,UNSOUND,COMPLETE,COMPLETE,TRUE,TRUE,
ML-003-T03,ML-003,Multi-path-Loop,DEFINITE,DEFINITE,SOUND,SOUND,COMPLETE,COMPLETE,TRUE,TRUE,
ML-003-T04,ML-003,Multi-path-Loop,DEFINITE,DEFINITE,SOUND,SOUND,COMPLETE,COMPLETE,TRUE,TRUE,
ML-004-T01,ML-004,Multi-path-Loop,DEFINITE,DEFINITE,SOUND,SOUND,INCOMPLETE,INCOMPLETE,TRUE,TRUE,
ML-004-T02,ML-004,Multi-path-Loop,DEFINITE,DEFINITE,UNSOUND,UNSOUND,COMPLETE,COMPLETE,TRUE,TRUE,
ML-004-T03,ML-004,Multi-path-Loop,DEFINITE,DEFINITE,SOUND,SOUND,COMPLETE,COMPLETE,TRUE,TRUE,
ML-004-T04,ML-004,Multi-path-Loop,DEFINITE,DEFINITE,SOUND,SOUND,COMPLETE,COMPLETE,TRUE,TRUE,
ML-005-T01,ML-005,Multi-path-Loop,DEFINITE,DEFINITE,SOUND,SOUND,COMPLETE,COMPLETE,TRUE,TRUE,
ML-005-T02,ML-005,Multi-path-Loop,DEFINITE,DEFINITE,UNSOUND,UNSOUND,INCOMPLETE,INCOMPLETE,TRUE,TRUE,
ML-005-T03,ML-005,Multi-path-Loop,DEFINITE,DEFINITE,SOUND,SOUND,COMPLETE,COMPLETE,TRUE,TRUE,
ML-005-T04,ML-005,Multi-path-Loop,DEFINITE,DEFINITE,SOUND,SOUND,COMPLETE,COMPLETE,TRUE,TRUE,
ML-006-T01,ML-006,Multi-path-Loop,DEFINITE,DEFINITE,SOUND,SOUND,COMPLETE,COMPLETE,TRUE,TRUE,
ML-006-T02,ML-006,Multi-path-Loop,DEFINITE,DEFINITE,UNSOUND,UNSOUND,COMPLETE,COMPLETE,TRUE,TRUE,
ML-006-T03,ML-006,Multi-path-Loop,DEFINITE,DEFINITE,SOUND,SOUND,INCOMPLETE,INCOMPLETE,TRUE,TRUE,
ML-006-T04,ML-006,Multi-path-Loop,DEFINITE,DEFINITE,SOUND,SOUND,COMPLETE,COMPLETE,TRUE,TRUE,
ML-007-T01,ML-007,Multi-path-Loop,DEFINITE,DEFINITE,SOUND,SOUND,COMPLETE,COMPLETE,TRUE,TRUE,
ML-007-T02,ML-007,Multi-path-Loop,DEFINITE,DEFINITE,UNSOUND,UNSOUND,COMPLETE,COMPLETE,TRUE,TRUE,
ML-007-T03,ML-007,Multi-path-Loop,DEFINITE,DEFINITE,SOUND,SOUND,COMPLETE,COMPLETE,TRUE,TRUE,
ML-007-T04,ML-007,Multi-path-Loop,DEFINITE,DEFINITE,SOUND,SOUND,INCOMPLETE,INCOMPLETE,TRUE,TRUE,
ML-008-T01,ML-008,Multi-path-Loop,DEFINITE,DEFINITE,SOUND,SOUND,COMPLETE,COMPLETE,TRUE,TRUE,
ML-008-T02,ML-008,Multi-path-Loop,DEFINITE,DEFINITE,UNSOUND,UNSOUND,COMPLETE,COMPLETE,TRUE,TRUE,
ML-008-T03,ML-008,Multi-path-Loop,DEFINITE,DEFINITE,SOUND,SOUND,COMPLETE,COMPLETE,TRUE,TRUE,
ML-008-T04,ML-008,Multi-path-Loop,DEFINITE,DEFINITE,SOUND,SOUND,COMPLETE,COMPLETE,TRUE,TRUE,
ML-009-T01,ML-009,Multi-path-Loop,DEFINITE,DEFINITE,SOUND,SOUND,INCOMPLETE,INCOMPLETE,TRUE,TRUE,
ML-009-T02,ML-009,Multi-path-Loop,DEFINITE,DEFINITE,UNSOUND,UNSOUND,COMPLETE,COMPLETE,TRUE,TRUE,
ML-009-T03,ML-009,Multi-path-Loop,DEFINITE,DEFINITE,SOUND,SOUND,COMPLETE,COMPLETE,TRUE,TRUE,
ML-009-T04,ML-009,Multi-path-Loop,DEFINITE,DEFINITE,SOUND,SOUND,COMPLETE,COMPLETE,TRUE,TRUE,
ML-010-T01,ML-010,Multi-path-Loop,DEFINITE,DEFINITE,SOUND,SOUND,COMPLETE,COMPLETE,TRUE,TRUE,
ML-010-T02,ML-010,Multi-path-Loop,DEFINITE,DEFINITE,UNSOUND,UNSOUND,INCOMPLETE,INCOMPLETE,TRUE,TRUE,
ML-010-T03,ML-010,Multi-path-Loop,DEFINITE,DEFINITE,SOUND,SOUND,COMPLETE,COMPLETE,TRUE,TRUE,
ML-010-T04,ML-010,Multi-path-Loop,DEFINITE,DEFINITE,SOUND,SOUND,COMPLETE,COMPLETE,TRUE,TRUE,
ML-011-T01,ML-011,Multi-path-Loop,DEFINITE,DEFINITE,SOUND,SOUND,COMPLETE,COMPLETE,TRUE,TRUE,
ML-011-T02,ML-011,Multi-path-Loop,DEFINITE,DEFINITE,UNSOUND,UNSOUND,COMPLETE,COMPLETE,TRUE,TRUE,
ML-011-T03,ML-011,Multi-path-Loop,DEFINITE,DEFINITE,SOUND,SOUND,INCOMPLETE,INCOMPLETE,TRUE,TRUE,
ML-011-T04,ML-011,Multi-path-Loop,DEFINITE,DEFINITE,SOUND,SOUND,COMPLETE,COMPLETE,TRUE,TRUE,
ML-012-T01,ML-012,Multi-path-Loop,DEFINITE,DEFINITE,SOUND,SOUND,COMPLETE,COMPLETE,TRUE,TRUE,
ML-012-T02,ML-012,Multi-path-Loop,DEFINITE,DEFINITE,UNSOUND,UNSOUND,COMPLETE,COMPLETE,TRUE,TRUE,
ML-012-T03,ML-012,Multi-path-Loop,DEFINITE,DEFINITE,SOUND,SOUND,COMPLETE,COMPLETE,TRUE,TRUE,
ML-013-T01,ML-013,Multi-path-Loop,DEFINITE,DEFINITE,SOUND,SOUND,INCOMPLETE,INCOMPLETE,TRUE,TRUE,
ML-013-T02,ML-013,Multi-path-Loop,DEFINITE,DEFINITE,SOUND,SOUND,COMPLETE,COMPLETE,TRUE,TRUE,
ML-013-T03,ML-013,Multi-path-Loop,DEFINITE,DEFINITE,UNSOUND,UNSOUND,COMPLETE,COMPLETE,TRUE,TRUE,
ML-014-T01,ML-014,Multi-path-Loop,DEFINITE,DEFINITE,SOUND,SOUND,COMPLETE,COMPLETE,TRUE,TRUE,
ML-014-T02,ML-014,Multi-path-Loop,DEFINITE,DEFINITE,SOUND,SOUND,COMPLETE,COMPLETE,TRUE,TRUE,
ML-014-T03,ML-014,Multi-path-Loop,DEFINITE,DEFINITE,SOUND,SOUND,INCOMPLETE,INCOMPLETE,TRUE,TRUE,
ML-015-T01,ML-015,Multi-path-Loop,DEFINITE,DEFINITE,UNSOUND,UNSOUND,COMPLETE,COMPLETE,TRUE,TRUE,
ML-015-T02,ML-015,Multi-path-Loop,DEFINITE,DEFINITE,SOUND,SOUND,COMPLETE,COMPLETE,TRUE,TRUE,
ML-015-T03,ML-015,Multi-path-Loop,DEFINITE,DEFINITE,SOUND,SOUND,COMPLETE,COMPLETE,TRUE,TRUE,
ML-016-T01,ML-016,Multi-path-Loop,DEFINITE,DEFINITE,SOUND,SOUND,COMPLETE,COMPLETE,TRUE,TRUE,
ML-016-T02,ML-016,Multi-path-Loop,DEFINITE,DEFINITE,UNSOUND,UNSOUND,INCOMPLETE,INCOMPLETE,TRUE,TRUE,
ML-016-T03,ML-016,Multi-path-Loop,DEFINITE,DEFINITE,SOUND,SOUND,COMPLETE,COMPLETE,TRUE,TRUE,
ML-017-T01,ML-017,Multi-path-Loop,DEFINITE,DEFINITE,SOUND,SOUND,COMPLETE,COMPLETE,TRUE,TRUE,
ML-017-T02,ML-017,Multi-path-Loop,DEFINITE,DEFINITE,SOUND,SOUND,COMPLETE,COMPLETE,TRUE,TRUE,
ML-017-T03,ML-017,Multi-path-Loop,DEFINITE,DEFINITE,UNSOUND,UNSOUND,COMPLETE,COMPLETE,TRUE,TRUE,
ML-018-T01,ML-018,Multi-path-Loop,DEFINITE,DEFINITE,SOUND,SOUND,INCOMPLETE,INCOMPLETE,TRUE,TRUE,
ML-018-T02,ML-018,Multi-path-Loop,DEFINITE,DEFINITE,SOUND,SOUND,COMPLETE,COMPLETE,TRUE,TRUE,
ML-018-T03,ML-018,Multi-path-Loop,DEFINITE,DEFINITE,SOUND,SOUND,COMPLETE,COMPLETE,TRUE,TRUE,
ML-019-T01,ML-019,Multi-path-Loop,DEFINITE,DEFINITE,UNSOUND,UNSOUND,COMPLETE,COMPLETE,TRUE,TRUE,
ML-019-T02,ML-019,Multi-path-Loop,DEFINITE,DEFINITE,SOUND,SOUND,COMPLETE,COMPLETE,TRUE,TRUE,
ML-019-T03,ML-019,Multi-path-Loop,DEFINITE,DEFINITE,SOUND,SOUND,INCOMPLETE,INCOMPLETE,TRUE,TRUE,
ML-020-T01,ML-020,Multi-path-Loop,DEFINITE,DEFINITE,SOUND,SOUND,COMPLETE,COMPLETE,TRUE,TRUE,
ML-020-T02,ML-020,Multi-path-Loop,DEFINITE,DEFINITE,UNSOUND,UNSOUND,COMPLETE,COMPLETE,TRUE,TRUE,
ML-020-T03,ML-020,Multi-path-Loop,DEFINITE,DEFINITE,SOUND,SOUND,COMPLETE,COMPLETE,TRUE,TRUE,
ML-021-T01,ML-021,Multi-path-Loop,DEFINITE,DEFINITE,SOUND,SOUND,COMPLETE,COMPLETE,TRUE,TRUE,
ML-021-T02,ML-021,Multi-path-Loop,DEFINITE,DEFINITE,SOUND,SOUND,INCOMPLETE,INCOMPLETE,TRUE,TRUE,
ML-021-T03,ML-021,Multi-path-Loop,DEFINITE,DEFINITE,UNSOUND,UNSOUND,COMPLETE,COMPLETE,TRUE,TRUE,
ML-022-T01,ML-022,Multi-path-Loop,DEFINITE,DEFINITE,SOUND,SOUND,COMPLETE,COMPLETE,TRUE,TRUE,
ML-022-T02,ML-022,Multi-path-Loop,DEFINITE,DEFINITE,SOUND,SOUND,COMPLETE,COMPLETE,TRUE,TRUE,
ML-022-T03,ML-022,Multi-path-Loop,DEFINITE,DEFINITE,SOUND,SOUND,COMPLETE,COMPLETE,TRUE,TRUE,
ML-023-T01,ML-023,Multi-path-Loop,DEFINITE,DEFINITE,UNSOUND,UNSOUND,INCOMPLETE,INCOMPLETE,TRUE,TRUE,
ML-023-T02,ML-023,Multi-path-Loop,DEFINITE,DEFINITE,SOUND,SOUND,COMPLETE,COMPLETE,TRUE,TRUE,
ML-023-T03,ML-023,Multi-path-Loop,DEFINITE,DEFINITE,SOUND,SOUND,COMPLETE,COMPLETE,TRUE,TRUE,
ML-024-T01,ML-024,Multi-path-Loop,DEFINITE,DEFINITE,SOUND,SOUND,COMPLETE,COMPLETE,TRUE,TRUE,
ML-024-T02,ML-024,Multi-path-Loop,DEFINITE,DEFINITE,UNSOUND,UNSOUND,COMPLETE,COMPLETE,TRUE,TRUE,
ML-024-T03,ML-024,Multi-path-Loop,DEFINITE,DEFINITE,SOUND,SOUND,INCOMPLETE,INCOMPLETE,TRUE,TRUE,
ML-025-T01,ML-025,Multi-path-Loop,DEFINITE,DEFINITE,SOUND,SOUND,COMPLETE,COMPLETE,TRUE,TRUE,
ML-025-T02,ML-025,Multi-path-Loop,DEFINITE,DEFINITE,SOUND,SOUND,COMPLETE,COMPLETE,TRUE,TRUE,
ML-025-T03,ML-025,Multi-path-Loop,DEFINITE,DEFINITE,UNSOUND,UNSOUND,COMPLETE,COMPLETE,TRUE,TRUE,
ML-026-T01,ML-026,Multi-path-Loop,DEFINITE,DEFINITE,SOUND,SOUND,COMPLETE,COMPLETE,TRUE,TRUE,
ML-026-T02,ML-026,Multi-path-Loop,DEFINITE,DEFINITE,SOUND,SOUND,INCOMPLETE,INCOMPLETE,TRUE,TRUE,
ML-026-T03,ML-026,Multi-path-Loop,DEFINITE,DEFINITE,SOUND,SOUND,COMPLETE,COMPLETE,TRUE,TRUE,
ML-027-T01,ML-027,Multi-path-Loop,DEFINITE,DEFINITE,UNSOUND,UNSOUND,COMPLETE,COMPLETE,TRUE,TRUE,
ML-027-T02,ML-027,Multi-path-Loop,DEFINITE,DEFINITE,SOUND,SOUND,COMPLETE,COMPLETE,TRUE,TRUE,
ML-027-T03,ML-027,Multi-path-Loop,DEFINITE,DEFINITE,SOUND,SOUND,COMPLETE,COMPLETE,TRUE,TRUE,
ML-028-T01,ML-028,Multi-path-Loop,DEFINITE,DEFINITE,SOUND,SOUND,INCOMPLETE,INCOMPLETE,TRUE,TRUE,
ML-028-T02,ML-028,Multi-path-Loop,DEFINITE,DEFINITE,UNSOUND,UNSOUND,COMPLETE,COMPLETE,TRUE,TRUE,
ML-028-T03,ML-028,Multi-path-Loop,DEFINITE,DEFINITE,SOUND,SOUND,COMPLETE,COMPLETE,TRUE,TRUE,
ML-029-T01,ML-029,Multi-path-Loop,DEFINITE,DEFINITE,SOUND,SOUND,COMPLETE,COMPLETE,TRUE,TRUE,
ML-029-T02,ML-029,Multi-path-Loop,DEFINITE,DEFINITE,SOUND,SOUND,COMPLETE,COMPLETE,TRUE,TRUE,
ML-029-T03,ML-029,Multi-path-Loop,DEFINITE,DEFINITE,UNSOUND,UNSOUND,INCOMPLETE,INCOMPLETE,TRUE,TRUE,
ML-030-T01,ML-030,Multi-path-Loop,DEFINITE,DEFINITE,SOUND,SOUND,COMPLETE,COMPLETE,TRUE,TRUE,
ML-030-T02,ML-030,Multi-path-Loop,DEFINITE,DEFINITE,SOUND,SOUND,COMPLETE,COMPLETE,TRUE,TRUE,
ML-030-T03,ML-030,Multi-path-Loop,DEFINITE,DEFINITE,SOUND,SOUND,COMPLETE,COMPLETE,TRUE,TRUE,
ML-031-T01,ML-031,Multi-path-Loop,DEFINITE,DEFINITE,UNSOUND,UNSOUND,COMPLETE,COMPLETE,TRUE,TRUE,
ML-031-T02,ML-031,Multi-path-Loop,DEFINITE,DEFINITE,SOUND,SOUND,INCOMPLETE,INCOMPLETE,TRUE,TRUE,
ML-031-T03,ML-031,Multi-path-Loop,DEFINITE,DEFINITE,SOUND,SOUND,COMPLETE,COMPLETE,TRUE,TRUE,
NL-001-T01,NL-001,Nested-Loop,DEFINITE,DEFINITE,UNSOUND,UNSOUND,COMPLETE,COMPLETE,TRUE,TRUE,
NL-001-T02,NL-001,Nested-Loop,DEFINITE,DEFINITE,SOUND,SOUND,INCOMPLETE,INCOMPLETE,TRUE,TRUE,
NL-001-T03,NL-001,Nested-Loop,DEFINITE,DEFINITE,SOUND,SOUND,COMPLETE,COMPLETE,TRUE,TRUE,
NL-002-T01,NL-002,Nested-Loop,DEFINITE,DEFINITE,SOUND,SOUND,COMPLETE,COMPLETE,TRUE,TRUE,
NL-002-T02,NL-002,Nested-Loop,DEFINITE,DEFINITE,UNSOUND,UNSOUND,COMPLETE,COMPLETE,TRUE,TRUE,
NL-002-T03,NL-002,Nested-Loop,DEFINITE,DEFINITE,SOUND,SOUND,COMPLETE,COMPLETE,TRUE,TRUE,
NL-003-T01,NL-003,Nested-Loop,DEFINITE,DEFINITE,SOUND,SOUND,INCOMPLETE,INCOMPLETE,TRUE,TRUE,
NL-003-T02,NL-003,Nested-Loop,DEFINITE,DEFINITE,SOUND,SOUND,COMPLETE,COMPLETE,TRUE,TRUE,
NL-003-T03,NL-003,Nested-Loop,DEFINITE,DEFINITE,UNSOUND,UNSOUND,COMPLETE,COMPLETE,TRUE,TRUE,
NL-004-T01,NL-004,Nested-Loop,DEFINITE,DEFINITE,SOUND,SOUND,COMPLETE,COMPLETE,TRUE,TRUE,
NL-004-T02,NL-004,Nested-Loop,DEFINITE,DEFINITE,SOUND,SOUND,COMPLETE,COMPLETE,TRUE,TRUE,
NL-004-T03,NL-004,Nested-Loop,DEFINITE,DEFINITE,SOUND,SOUND,INCOMPLETE,INCOMPLETE,TRUE,TRUE,
NL-005-T01,NL-005,Nested-Loop,DEFINITE,DEFINITE,UNSOUND,UNSOUND,COMPLETE,COMPLETE,TRUE,TRUE,
NL-005-T02,NL-005,Nested-Loop,DEFINITE,DEFINITE,SOUND,SOUND,COMPLETE,COMPLETE,TRUE,TRUE,
NL-005-T03,NL-005,Nested-Loop,DEFINITE,DEFINITE,SOUND,SOUND,COMPLETE,COMPLETE,TRUE,TRUE,
NL-006-T01,NL-006,Nested-Loop,DEFINITE,DEFINITE,SOUND,SOUND,COMPLETE,COMPLETE,TRUE,TRUE,
NL-006-T02,NL-006,Nested-Loop,DEFINITE,DEFINITE,UNSOUND,UNSOUND,INCOMPLETE,INCOMPLETE,TRUE,TRUE,
NL-006-T03,NL-006,Nested-Loop,DEFINITE,DEFINITE,SOUND,SOUND,COMPLETE,COMPLETE,TRUE,TRUE,
NL-007-T01,NL-007,Nested-Loop,DEFINITE,DEFINITE,SOUND,SOUND,COMPLETE,COMPLETE,TRUE,TRUE,
NL-007-T02,NL-007,Nested-Loop,DEFINITE,DEFINITE,SOUND,SOUND,COMPLETE,COMPLETE,TRUE,TRUE,
NL-007-T03,NL-007,Nested-Loop,DEFINITE,DEFINITE,UNSOUND,UNSOUND,COMPLETE,COMPLETE,TRUE,TRUE,
NL-008-T01,NL-008,Nested-Loop,DEFINITE,DEFINITE,SOUND,SOUND,INCOMPLETE,INCOMPLETE,TRUE,TRUE,
NL-008-T02,NL-008,Nested-Loop,DEFINITE,DEFINITE,SOUND,SOUND,COMPLETE,COMPLETE,TRUE,TRUE,
NL-008-T03,NL-008,Nested-Loop,DEFINITE,DEFINITE,SOUND,SOUND,COMPLETE,COMPLETE,TRUE,TRUE,
NL-009-T01,NL-009,Nested-Loop,DEFINITE,DEFINITE,UNSOUND,UNSOUND,COMPLETE,COMPLETE,TRUE,TRUE,
NL-009-T02,NL-009,Nested-Loop,DEFINITE,DEFINITE,SOUND,SOUND,COMPLETE,COMPLETE,TRUE,TRUE,
NL-009-T03,NL-009,Nested-Loop,DEFINITE,DEFINITE,SOUND,SOUND,INCOMPLETE,INCOMPLETE,TRUE,TRUE,
NL-010-T01,NL-010,Nested-Loop,DEFINITE,DEFINITE,SOUND,SOUND,COMPLETE,COMPLETE,TRUE,TRUE,
NL-010-T02,NL-010,Nested-Loop,DEFINITE,DEFINITE,UNSOUND,UNSOUND,COMPLETE,COMPLETE,TRUE,TRUE,
NL-010-T03,NL-010,Nested-Loop,DEFINITE,DEFINITE,SOUND,SOUND,COMPLETE,COMPLETE,TRUE,TRUE,
NL-011-T01,NL-011,Nested-Loop,DEFINITE,DEFINITE,SOUND,SOUND,COMPLETE,COMPLETE,TRUE,TRUE,
NL-011-T02,NL-011,Nested-Loop,DEFINITE,DEFINITE,SOUND,SOUND,INCOMPLETE,INCOMPLETE,TRUE,TRUE,
NL-011-T03,NL-011,Nested-Loop,DEFINITE,DEFINITE,UNSOUND,UNSOUND,COMPLETE,COMPLETE,TRUE,TRUE,
NL-012-T01,NL-012,Nested-Loop,DEFINITE,DEFINITE,SOUND,SOUND,COMPLETE,COMPLETE,TRUE,TRUE,
NL-012-T02,NL-012,Nested-Loop,DEFINITE,DEFINITE,SOUND,SOUND,COMPLETE,COMPLETE,TRUE,TRUE,
NL-012-T03,NL-012,Nested-Loop,DEFINITE,DEFINITE,SOUND,SOUND,COMPLETE,COMPLETE,TRUE,TRUE,
NL-013-T01,NL-013,Nested-Loop,DEFINITE,DEFINITE,UNSOUND,UNSOUND,INCOMPLETE,INCOMPLETE,TRUE,TRUE,
NL-013-T02,NL-013,Nested-Loop,DEFINITE,DEFINITE,SOUND,SOUND,COMPLETE,COMPLETE,TRUE,TRUE,
NL-013-T03,NL-013,Nested-Loop,DEFINITE,DEFINITE,SOUND,SOUND,COMPLETE,COMPLETE,TRUE,TRUE,
NL-014-T01,NL-014,Nested-Loop,DEFINITE,DEFINITE,SOUND,SOUND,COMPLETE,COMPLETE,TRUE,TRUE,
NL-014-T02,NL-014,Nested-Loop,DEFINITE,DEFINITE,UNSOUND,UNSOUND,COMPLETE,COMPLETE,TRUE,TRUE,
NL-014-T03,NL-014,Nested-Loop,DEFINITE,DEFINITE,SOUND,SOUND,INCOMPLETE,INCOMPLETE,TRUE,TRUE,
NL-015-T01,NL-015,Nested-Loop,DEFINITE,DEFINITE,SOUND,SOUND,COMPLETE,COMPLETE,TRUE,TRUE,
NL-015-T02,NL-015,Nested-Loop,DEFINITE,DEFINITE,SOUND,SOUND,COMPLETE,COMPLETE,TRUE,TRUE,
NL-015-T03,NL-015,Nested-Loop,DEFINITE,DEFINITE,UNSOUND,UNSOUND,COMPLETE,COMPLETE,TRUE,TRUE,
NL-016-T01,NL-016,Nested-Loop,DEFINITE,DEFINITE,SOUND,SOUND,COMPLETE,COMPLETE,TRUE,TRUE,
NL-016-T02,NL-016,Nested-Loop,DEFINITE,DEFINITE,SOUND,SOUND,INCOMPLETE,INCOMPLETE,TRUE,TRUE,
NL-016-T03,NL-016,Nested-Loop,DEFINITE,DEFINITE,SOUND,SOUND,COMPLETE,COMPLETE,TRUE,TRUE,
NL-017-T01,NL-017,Nested-Loop,DEFINITE,DEFINITE,UNSOUND,UNSOUND,COMPLETE,COMPLETE,TRUE,TRUE,
NL-017-T02,NL-017,Nested-Loop,DEFINITE,DEFINITE,SOUND,SOUND,COMPLETE,COMPLETE,TRUE,TRUE,
NL-017-T03,NL-017,Nested-Loop,DEFINITE,DEFINITE,SOUND,SOUND,COMPLETE,COMPLETE,TRUE,TRUE,
NL-018-T01,NL-018,Nested-Loop,DEFINITE,DEFINITE,SOUND,SOUND,INCOMPLETE,INCOMPLETE,TRUE,TRUE,
NL-018-T02,NL-018,Nested-Loop,DEFINITE,DEFINITE,UNSOUND,UNSOUND,COMPLETE,COMPLETE,TRUE,TRUE,
NL-018-T03,NL-018,Nested-Loop,DEFINITE,DEFINITE,SOUND,SOUND,COMPLETE,COMPLETE,TRUE,TRUE,
NL-019-T01,NL-019,Nested-Loop,DEFINITE,DEFINITE,SOUND,SOUND,COMPLETE,COMPLETE,TRUE,TRUE,
NL-019-T02,NL-019,Nested-Loop,DEFINITE,DEFINITE,SOUND,SOUND,COMPLETE,COMPLETE,TRUE,TRUE,
NL-019-T03,NL-019,Nested-Loop,DEFINITE,DEFINITE,UNSOUND,UNSOUND,INCOMPLETE,INCOMPLETE,TRUE,TRUE,
NL-020-T01,NL-020,Nested-Loop,DEFINITE,DEFINITE,SOUND,SOUND,COMPLETE,COMPLETE,TRUE,TRUE,
NL-020-T02,NL-020,Nested-Loop,DEFINITE,DEFINITE,SOUND,SOUND,COMPLETE,COMPLETE,TRUE,TRUE,
NL-020-T03,NL-020,Nested-Loop,DEFINITE,DEFINITE,SOUND,SOUND,COMPLETE,COMPLETE,TRUE,TRUE,
NL-021-T01,NL-021,Nested-Loop,DEFINITE,DEFINITE,UNSOUND,UNSOUND,COMPLETE,COMPLETE,TRUE,TRUE,
NL-021-T02,NL-021,Nested-Loop,DEFINITE,DEFINITE,SOUND,SOUND,INCOMPLETE,INCOMPLETE,TRUE,TRUE,
NL-021-T03,NL-021,Nested-Loop,DEFINITE,DEFINITE,SOUND,SOUND,COMPLETE,COMPLETE,TRUE,TRUE,
NL-022-T01,NL-022,Nested-Loop,DEFINITE,DEFINITE,SOUND,SOUND,COMPLETE,COMPLETE,TRUE,TRUE,
NL-022-T02,NL-022,Nested-Loop,DEFINITE,DEFINITE,UNSOUND,UNSOUND,COMPLETE,COMPLETE,TRUE,TRUE,
NL-022-T03,NL-022,Nested-Loop,DEFINITE,DEFINITE,SOUND,SOUND,COMPLETE,COMPLETE,TRUE,TRUE,
NL-023-T01,NL-023,Nested-Loop,DEFINITE,DEFINITE,SOUND,SOUND,INCOMPLETE,INCOMPLETE,TRUE,TRUE,
NL-023-T02,NL-023,Nested-Loop,DEFINITE,DEFINITE,SOUND,SOUND,COMPLETE,COMPLETE,TRUE,TRUE,
NL-023-T03,NL-023,Nested-Loop,DEFINITE,DEFINITE,UNSOUND,UNSOUND,COMPLETE,COMPLETE,TRUE,TRUE,
NL-024-T01,NL-024,Nested-Loop,DEFINITE,DEFINITE,SOUND,SOUND,COMPLETE,COMPLETE,TRUE,TRUE,
NL-024-T02,NL-024,Nested-Loop,DEFINITE,DEFINITE,SOUND,SOUND,COMPLETE,COMPLETE,TRUE,TRUE,
NL-024-T03,NL-024,Nested-Loop,DEFINITE,DEFINITE,SOUND,SOUND,INCOMPLETE,INCOMPLETE,TRUE,TRUE,
NL-025-T01,NL-025,Nested-Loop,DEFINITE,DEFINITE,UNSOUND,UNSOUND,COMPLETE,COMPLETE,TRUE,TRUE,
NL-025-T02,NL-025,Nested-Loop,DEFINITE,DEFINITE,SOUND,SOUND,COMPLETE,COMPLETE,TRUE,TRUE,
NL-025-T03,NL-025,Nested-Loop,DEFINITE,DEFINITE,SOUND,SOUND,COMPLETE,COMPLETE,TRUE,TRUE,
NL-026-T01,NL-026,Nested-Loop,DEFINITE,DEFINITE,SOUND,SOUND,COMPLETE,COMPLETE,TRUE,TRUE,
NL-026-T02,NL-026,Nested-Loop,DEFINITE,DEFINITE,UNSOUND,UNSOUND,INCOMPLETE,INCOMPLETE,TRUE,TRUE,
NL-026-T03,NL-026,Nested-Loop,DEFINITE,DEFINITE,SOUND,SOUND,COMPLETE,COMPLETE,TRUE,TRUE,
NL-027-T01,NL-027,Nested-Loop,DEFINITE,DEFINITE,SOUND,SOUND,COMPLETE,COMPLETE,TRUE,TRUE,
NL-027-T02,NL-027,Nested-Loop,DEFINITE,DEFINITE,SOUND,SOUND,COMPLETE,COMPLETE,TRUE,TRUE,
NL-027-T03,NL-027,Nested-Loop,DEFINITE,DEFINITE,UNSOUND,UNSOUND,COMPLETE,COMPLETE,TRUE,TRUE,
NL-028-T01,NL-028,Nested-Loop,DEFINITE,DEFINITE,SOUND,SOUND,INCOMPLETE,INCOMPLETE,TRUE,TRUE,
NL-028-T02,NL-028,Nested-Loop,DEFINITE,DEFINITE,SOUND,SOUND,COMPLETE,COMPLETE,TRUE,TRUE,
NL-028-T03,NL-028,Nested-Loop,DEFINITE,DEFINITE,SOUND,SOUND,COMPLETE,COMPLETE,TRUE,TRUE,
NL-029-T01,NL-029,Nested-Loop,DEFINITE,DEFINITE,UNSOUND,UNSOUND,COMPLETE,COMPLETE,TRUE,TRUE,
NL-029-T02,NL-029,Nested-Loop,DEFINITE,DEFINITE,SOUND,SOUND,COMPLETE,COMPLETE,TRUE,TRUE,
NL-029-T03,NL-029,Nested-Loop,DEFINITE,DEFINITE,SOUND,SOUND,INCOMPLETE,INCOMPLETE,TRUE,TRUE,
NL-030-T01,NL-030,Nested-Loop,DEFINITE,DEFINITE,SOUND,SOUND,COMPLETE,COMPLETE,TRUE,TRUE,
NL-030-T02,NL-030,Nested-Loop,DEFINITE,DEFINITE,UNSOUND,UNSOUND,COMPLETE,COMPLETE,TRUE,TRUE,
NL-030-T03,NL-030,Nested-Loop,DEFINITE,DEFINITE,SOUND,SOUND,COMPLETE,COMPLETE,TRUE,TRUE,
NL-031-T01,NL-031,Nested-Loop,DEFINITE,DEFINITE,SOUND,SOUND,COMPLETE,COMPLETE,TRUE,TRUE,
NL-031-T02,NL-031,Nested-Loop,DEFINITE,DEFINITE,SOUND,SOUND,INCOMPLETE,INCOMPLETE,TRUE,TRUE,
NL-031-T03,NL-031,Nested-Loop,DEFINITE,DEFINITE,UNSOUND,UNSOUND,COMPLETE,COMPLETE,TRUE,TRUE,
NL-032-T01,NL-032,Nested-Loop,DEFINITE,DEFINITE,SOUND,SOUND,COMPLETE,COMPLETE,TRUE,TRUE,
NL-032-T02,NL-032,Nested-Loop,DEFINITE,DEFINITE,SOUND,SOUND,COMPLETE,COMPLETE,TRUE,TRUE,
NL-032-T03,NL-032,Nested-Loop,INCONCLUSIVE,INCONCLUSIVE,INCONCLUSIVE,INCONCLUSIVE,INCONCLUSIVE,INCONCLUSIVE,NOT_APPLICABLE,NOT_APPLICABLE,MALFORMED_FSF
NL-033-T01,NL-033,Nested-Loop,INCONCLUSIVE,INCONCLUSIVE,INCONCLUSIVE,INCONCLUSIVE,INCONCLUSIVE,INCONCLUSIVE,NOT_APPLICABLE,NOT_APPLICABLE,UNSUPPORTED_SYMBOL
NL-033-T02,NL-033,Nested-Loop,INCONCLUSIVE,INCONCLUSIVE,INCONCLUSIVE,INCONCLUSIVE,INCONCLUSIVE,INCONCLUSIVE,NOT_APPLICABLE,NOT_APPLICABLE,EXPRESSION_TRANSLATION_ERROR
NL-033-T03,NL-033,Nested-Loop,INCONCLUSIVE,INCONCLUSIVE,INCONCLUSIVE,INCONCLUSIVE,INCONCLUSIVE,INCONCLUSIVE,NOT_APPLICABLE,NOT_APPLICABLE,TOOL_EXCEPTION
NL-034-T01,NL-034,Nested-Loop,INCONCLUSIVE,INCONCLUSIVE,INCONCLUSIVE,INCONCLUSIVE,INCONCLUSIVE,INCONCLUSIVE,NOT_APPLICABLE,NOT_APPLICABLE,MALFORMED_FSF
NL-034-T02,NL-034,Nested-Loop,INCONCLUSIVE,INCONCLUSIVE,INCONCLUSIVE,INCONCLUSIVE,INCONCLUSIVE,INCONCLUSIVE,NOT_APPLICABLE,NOT_APPLICABLE,UNSUPPORTED_SYMBOL
NL-035-T01,NL-035,Nested-Loop,INCONCLUSIVE,INCONCLUSIVE,INCONCLUSIVE,INCONCLUSIVE,INCONCLUSIVE,INCONCLUSIVE,NOT_APPLICABLE,NOT_APPLICABLE,EXPRESSION_TRANSLATION_ERROR
NL-035-T02,NL-035,Nested-Loop,INCONCLUSIVE,INCONCLUSIVE,INCONCLUSIVE,INCONCLUSIVE,INCONCLUSIVE,INCONCLUSIVE,NOT_APPLICABLE,NOT_APPLICABLE,TOOL_EXCEPTION
